Date,return,regime,fx_return,vol_garch_normal,vol_garch_t,vol_xgb_pure,vol_xgb_ensemble,var_garch_normal,var_garch_t,var_xgb_pure,var_xgb_ensemble,es_garch_normal,es_garch_t,es_xgb_pure,es_xgb_ensemble,var_hist,es_hist,var_xgb_pure_t
2020-06-26,0.0009512770133055,Normal,-0.0048771014262195,0.0432389727303883,0.0477451459044628,0.0437405183911323,0.0499554686248302,0.0711217811212351,0.0962087785893358,0.0719467503203916,0.0821694337536125,0.08918958283443625,0.13798962822251926,0.09022412749240269,0.10304378493747261,0.03023765206130528,0.08666736973617374,0.08813926043279433
2020-08-17,-0.0132609682697571,Normal,-0.0099983982026516,0.0145740217744386,0.0205073851712453,0.0124179720878601,0.0123332384973764,0.0239721325749552,0.0413233731306317,0.0204257464280988,0.0202863720744671,0.030062021371026593,0.05926898749578725,0.025614710068898754,0.025439929006581933,0.03023765206130528,0.08666736973617374,0.025022814455737383
2020-10-28,0.0243839928205057,Normal,0.0026443788590597,0.0123730122643276,0.0260723002825946,0.0111666629090905,0.0106425890699028,0.0203517940992944,0.0525369462734925,0.018367525986962,0.0175055012317838,0.025521970865074992,0.07535230974265032,0.0230336185996991,0.021952604779527044,0.03023765206130528,0.0873138620813505,0.022501365930521017
2020-12-16,-0.0730939262283709,Normal,-0.0149397791357974,0.0315421486394237,0.0383356573822439,0.0111095895990729,0.0102589204907417,0.0518822175913986,0.0772482040487427,0.0182736487459774,0.0168744225778033,0.06506239397484219,0.11079499307483018,0.022915892752158957,0.021161206687453266,0.02938115220290228,0.08699378741694065,0.022386360450009322
2021-02-02,0.0119762287845767,Normal,-0.0067099472502964,0.0219943410547205,0.0542459776417567,0.014882150106132,0.014874487183988,0.0361774716562647,0.1093082690068814,0.0244789585789075,0.024466354193626,0.04536800898625835,0.15677787020132303,0.030697601627166463,0.030681795219517107,0.036965905145870386,0.09838680951319254,0.029988252363059166
2021-03-22,-0.0041537043669668,Normal,0.0085990151527937,0.0173317559975229,0.0190221066233102,0.0095657892525196,0.0094858715310692,0.0285082017139635,0.0383304650086685,0.0157343231466602,0.015602870192675,0.03575043507268411,0.05497634097112157,0.019731476005089062,0.019566628697506513,0.0306306863378098,0.04515167166225818,0.01927552807293614
2021-05-12,-0.012125500571811,Normal,0.0025448139715764,0.0153678272766061,0.016917662355918,0.0116821695119142,0.0120620615780353,0.0252778264342894,0.0340899080108899,0.019215458892334,0.0198403257351434,0.03169941414701736,0.04889422567811295,0.024096960671698187,0.024880568901956644,0.02740181475742564,0.04388120870391871,0.023540136671983347
2021-06-25,-0.0248395250660521,Normal,-0.017430229604368,0.009537418191911,0.0134619180593844,0.0137146608904004,0.0143378200009465,0.0156876569047178,0.0271264160875051,0.0225586097079846,0.0235836152311342,0.019672954655009133,0.038906679055783114,0.028289406669250092,0.02957480494768847,0.02740181475742564,0.04388120870391871,0.027635705118015358
2021-08-02,-0.0076210842812223,Normal,0.0007200623039645,0.0162809289728153,0.014616906168237,0.0092959608882665,0.0092628775164484,0.0267797450710745,0.0294537729974674,0.0152904949830642,0.0152360776789375,0.033582880710344834,0.0422447436217792,0.01917489758231541,0.01910665608755069,0.02475492777784108,0.04219199403710965,0.018731810866468815
2021-09-30,0.0127658020506109,Normal,0.0083922979150632,0.009165656415845,0.0088054823651973,0.0085129309445619,0.008143070153892,0.0150761631989938,0.0177434729164034,0.0140025253401501,0.0133941584771496,0.018906116878176088,0.025448979469553813,0.017559731688774113,0.01679681509886449,0.02438839812274392,0.04165890901346168,0.017153967652135813
2021-11-08,0.0094051467065319,Normal,-0.0084607060074423,0.0087838964978795,0.0083963766263804,0.0081993080675601,0.008376863785088,0.0144482240133035,0.0169191050628794,0.0134866616134188,0.0137787147793805,0.018118655805995663,0.02426661113171266,0.016912817763655177,0.017279064216246146,0.020320796964632237,0.024184752627436714,0.016522002383993317
2021-12-09,-0.0022701031186523,Normal,-0.0048815382675877,0.0095764741047731,0.0095272859995401,0.0085735665634274,0.0082456720992922,0.0157518981646429,0.0191979421556518,0.0141022620577635,0.0135629236591734,0.01975351578667868,0.027535085046693046,0.01768480555639912,0.01700845344571666,0.01660185694990432,0.021378322042287658,0.017276151357296782
2022-01-17,0.0081100450906323,Normal,-0.0016079409142235,0.0096864619437854,0.0097395342601544,0.0065646986477077,0.0066760382615029,0.0159328120605629,0.0196256326679454,0.0107979683805254,0.0109811057480999,0.01998038911087941,0.028148509888490547,0.013541087978053349,0.013770749625411638,0.01660185694990432,0.020563907168263458,0.013228185331484899
2022-02-25,0.0190056258732124,High Vol,0.0162605999413406,0.0149652539611568,0.0213007077562512,0.0116107100620865,0.011427354067564,0.0246156522562587,0.0429219565150761,0.019097918557105,0.0187963247844913,0.030869021013279364,0.061561792062444984,0.023949560349321157,0.023571349591086338,0.020668067911650257,0.03108841637159113,0.02339614242384877
2022-04-19,0.0143048428374819,Normal,-0.0079700730231171,0.0184842486030736,0.015656798532661,0.0146366078406572,0.0152683844789862,0.0304038833562383,0.0315492064148414,0.0240750774929714,0.0251142575879501,0.03812769633071115,0.04525016664520936,0.03019111845138721,0.031494292214752424,0.0207371891315162,0.0312684333153936,0.029493472820429665
2022-06-07,0.0066891470764575,Normal,0.0005156114526897,0.0133086641905215,0.0133965281050026,0.009032311849296,0.0090499557554721,0.0218908045636585,0.0269946521662956,0.0148568309050714,0.0148858525481387,0.02745195207660414,0.03871769365582879,0.018631065332943935,0.01866745964418784,0.0207371891315162,0.03129482765492623,0.018200545299360497
2022-07-12,0.0164503585314548,Normal,0.0125536650234798,0.0165130780732243,0.015947626393052,0.013563459739089,0.0137431137263774,0.0271615963608759,0.0321352386218423,0.0223099059458508,0.0226054104584385,0.0340617376330098,0.04609069666290805,0.0279775221179302,0.02834809669842976,0.02246141272307882,0.032898658690635255,0.027331027484019242
2022-08-11,-0.0015904293281751,Normal,-0.0111738204877823,0.013797869059403,0.0139489061741496,0.0101221250370144,0.0098010441288352,0.0226954749665606,0.0281077206959952,0.0166494140795895,0.016121282983226,0.028461041225141002,0.04031413750275696,0.020879036953041174,0.020216739251493823,0.021488029374303882,0.03268739837022147,0.020396571590509335
2022-09-26,-0.0263099021001358,Normal,0.0145557312740466,0.0114579014285801,0.0119105775507814,0.009521777741611,0.0091167986392974,0.0188465707220525,0.0240003899191589,0.0156619306533146,0.0149957993080347,0.0236343600238898,0.03442310494634358,0.019640692897860138,0.018805337316745017,0.021488029374303882,0.03268739837022147,0.019186842749471834
2022-11-04,0.0203075279414192,Normal,-0.0004131839673603,0.0092574723806064,0.0095201616381873,0.0094388555735349,0.0093923965469002,0.0152271870216436,0.0191835862228967,0.0155255358244001,0.0154491175259354,0.019095506844623075,0.027514494723723613,0.019469648279743283,0.019373816650479558,0.01890687330121724,0.02967563453736876,0.01901975056957684
2022-12-16,-0.0167648033929262,Normal,0.0071241777936986,0.0095245357595941,0.0096141574322675,0.0076451227068901,0.0078800003975629,0.0156664671891975,0.0193729922948583,0.0125751078129172,0.0129614472343105,0.019646381896877216,0.027786154689022714,0.015769692522468046,0.0162541777432166,0.017175633284737563,0.022368562705550456,0.015405292074450256
2023-01-23,0.0052092676199836,Normal,-0.0066029770675676,0.0090963099436491,0.0088336711519937,0.0069318334572017,0.0071584917604923,0.0149620984026859,0.0178002746853838,0.0114018514035018,0.011774671135748,0.018763075021822145,0.02553044869823441,0.014298381651678422,0.014765912636803843,0.017175633284737563,0.02315420886774324,0.013967979732149714
2023-02-23,0.0,Normal,-0.0035504853453484,0.0098922285519336,0.0099221337234129,0.0072632026858627,0.0074896998703479,0.0162712680122809,0.0199935794193559,0.011946905281125,0.0123194599965198,0.02040482652886407,0.028676245882827862,0.014981901203651322,0.015449099846953319,0.016460835557781942,0.019425087788315944,0.01463570475733568
2023-04-03,0.0018718745786053,High Vol,-0.0027900152847604,0.0125828626568312,0.0133210340871591,0.0085042594000697,0.0084327599033713,0.0206969672785211,0.0268425280684437,0.0139882619187408,0.0138706557122712,0.02595483195735263,0.038499506209588835,0.017541844782889185,0.017394361855319056,0.016460835557781942,0.021210777048593987,0.01713649407051252
2023-05-15,0.0009797174245023,Normal,0.0012255076953376,0.0099360329533626,0.0099731728783886,0.0089946975931525,0.009190903045237,0.0163433198408478,0.020096425785566,0.0147949609594286,0.0151176902089175,0.020495182428716865,0.028823755622016452,0.018553477925051878,0.018958193423969358,0.016460835557781942,0.021210777048593987,0.018124750753704406
2023-06-21,0.0,Normal,0.0076227228060457,0.0090862891353459,0.0089428632945122,0.0084124030545353,0.0084784291684627,0.0149456156398035,0.0180203021345464,0.0138371716756301,0.0139457749685971,0.01874240497219356,0.0258460280700327,0.017352371522504552,0.01748856443333254,0.015352944235660361,0.01971985377152866,0.016951399090863115
2023-07-25,-0.0009532233480602,Normal,-0.0087692417514668,0.0089795464988431,0.0087822829973445,0.0080279316753149,0.0083956876769661,0.0147700396270015,0.0176967250679494,0.0132047725330603,0.0138096773262096,0.018522225568772123,0.025381930304987196,0.016559317484466585,0.01731789249911024,0.0153962668185986,0.020255806834529554,0.01617667066357194
2023-08-29,0.0116115041050401,Normal,0.0040113535593813,0.0073623234507561,0.0069576197342692,0.0073792529292404,0.0070104910992085,0.0121099444307661,0.014019940327809,0.0121377909448534,0.0115312317112442,0.01518635887488687,0.020108418191172192,0.015221279526980857,0.01446062977725418,0.013444254867340761,0.01837843146941817,0.014869551611478815
2023-10-03,0.0019554123439344,Normal,0.0152380182594302,0.0097765243252888,0.0098476258148197,0.0086881285533308,0.0083295060321688,0.0160809514954306,0.0198434423793448,0.0142906997623669,0.0137008182077271,0.020166161938681097,0.028460908419476384,0.0179211140402264,0.01718137877276494,0.013444254867340761,0.019069457891250228,0.01750699930869742
2023-11-03,0.0753732717284811,Normal,-0.0133384798017397,0.0094911694986077,0.008752282024832,0.0057783112861216,0.0059925657697021,0.0156115845737962,0.0176362716570897,0.0095044762766317,0.0098568935410399,0.01957755688300193,0.025295223625912477,0.011918996695647726,0.012360942162995114,0.01394648278834956,0.019494422537419127,0.01164357675771118
2023-12-06,0.0108206371210202,Normal,-0.0055038230406971,0.01457864336544,0.012566349798153,0.0063532451167702,0.0063379779458045,0.023979734415676,0.025321802719502,0.0104501582732313,0.0104250460116951,0.030071554385976244,0.03631837130063479,0.0131049200715959,0.013073428282510544,0.01394648278834956,0.019965053361532117,0.012802096237933765
2024-01-08,0.0016977422261291,Normal,-0.0075339680765605,0.0116338399186269,0.0130891322038739,0.0075090774334967,0.0071835499256849,0.0191359637855264,0.0263752345557571,0.0123513332515465,0.0118158881496498,0.02399727060064285,0.03782927986401104,0.015489070194638629,0.01481760043507926,0.01394648278834956,0.019965053361532117,0.015131154267599239
2024-02-06,0.0025744814309775,Normal,-0.002427904949678,0.0116728662317611,0.0163856013371787,0.0075697083957493,0.0076078348793089,0.0192001563582317,0.0330177793205655,0.0124510623097133,0.0125137747944792,0.024077770676574562,0.04735650072667096,0.015614134457008568,0.015692778442952176,0.01394648278834956,0.02182919477557357,0.015253328589459957
2024-03-06,-0.0032361787970411,Normal,-0.0013556872743528,0.0120753491575824,0.0204499477903819,0.0066478252410888,0.006693601142615,0.0198621818585548,0.0412076340297544,0.0109346994591445,0.0110099941167969,0.024907977362469216,0.05910298605875582,0.013712554266865008,0.013806976805218297,0.01698958675491562,0.0238732425548642,0.013395689438258201
2024-04-08,0.0073736366929805,Normal,-0.0073399165521995,0.0112570876960141,0.0129417896250858,0.0058097960427403,0.0060811070725321,0.0185162615256997,0.0260783321320475,0.0095562640927497,0.0100025310241348,0.02322013896580254,0.037403440812037024,0.011983940706366375,0.012543577442335948,0.01390741764728032,0.022808138079151184,0.011707020065320477
2024-05-08,0.0102182502128604,High Vol,0.0012264648987485,0.0230501186392063,0.0236463235678441,0.0061127194203436,0.0061407089233398,0.0379140712453603,0.0476484858406906,0.0100545287090889,0.0101005673446088,0.047545774931656466,0.06834092421636544,0.01260878463704211,0.012666518943348139,0.01669029191483042,0.029725075332900103,0.012317425324604553
2024-06-05,0.0260864263492564,High Vol,0.0062784416560961,0.0420466657625336,0.0525601276899134,0.008238666690886,0.0087092071771621,0.0691606106807197,0.1059111998037361,0.0135514007877481,0.0143253710132269,0.08673019598136202,0.15190554645642768,0.01699400330007537,0.01796459318756785,0.01720209956363918,0.03585218205594309,0.016601311913902798
2024-07-03,0.0128393155593952,Normal,-0.0062373201374544,0.0117118040551174,0.0270461374805636,0.0148710934445261,0.0125343538820743,0.0192642033782049,0.0544992753351511,0.0244607719889631,0.0206171774444232,0.02415808822350806,0.07816682481745797,0.0306747949096637,0.025854772286385077,0.01941623800959616,0.041073559973943526,0.029965972655075706
2024-08-01,-0.0043445252134759,Normal,-0.0060311486016936,0.0122030598667165,0.0129831804758165,0.0090879118070006,0.008817852474749,0.0200722472816746,0.0261617366984832,0.0149482846971601,0.014504076625014,0.025171407877855982,0.037523065707844694,0.01874575207779809,0.018188697234375807,0.01941623800959616,0.03912443071422248,0.018312581903690537
2024-08-30,0.0082986723346262,Normal,0.0085978161586148,0.0137948577088613,0.0160416311040356,0.0147373061627149,0.015962591394782,0.0226905217357001,0.0323246626617954,0.0242407114932359,0.0262561263512516,0.028454829673810744,0.046362382399207785,0.030398830169990135,0.03292624171102465,0.025315317615870418,0.04215328476180513,0.029696384810489397
2024-10-03,-0.0119362039757825,Normal,-0.0111820175884883,0.0147754371675255,0.0163289817719921,0.010462355799973,0.0107258977368474,0.024303431414798,0.0329036881578372,0.0172090438840423,0.017642531794764,0.030477483481976084,0.04719286288239977,0.021580835305303903,0.02212444663381004,0.021356655419056257,0.041446380798088316,0.021082153035966916
2024-11-04,0.009425038396931,Normal,0.0015513529492935,0.0121490270231685,0.0144966368057826,0.0113549279049038,0.0106281600892543,0.0199833711629902,0.0292114244142919,0.0186771943481536,0.0174817676706309,0.025059953639443477,0.041897149655999937,0.023421955217768527,0.021922841936344105,0.021356655419056257,0.041446380798088316,0.022880729004090158
2024-12-03,0.00100622410046,Normal,0.0013872475177306,0.0085863167265986,0.0094041059196465,0.0100166471675038,0.0100988848134875,0.0141232342098998,0.0189497283360352,0.0164759184233618,0.0166111873136301,0.017711105481270167,0.027179078732188326,0.020661466400693065,0.020831099046322906,0.021356655419056257,0.034971886884374366,0.02018402858112937
2025-01-03,-0.0194976973212582,Normal,-0.011459465741031,0.0084698515274839,0.0092058020358888,0.0083877434954047,0.0083968201652169,0.0139316660047225,0.0185501364176436,0.013796610310355,0.0138115401036163,0.017470871223427373,0.026605954937581822,0.017301505934058374,0.017320228497129515,0.01843006483336056,0.02713328143582122,0.016901708886349887
2025-01-31,-0.1010856418288988,Normal,0.0083869359945474,0.0097708709700559,0.010395467458735,0.0085001494735479,0.0085287922993302,0.0160716525535713,0.0209473697927604,0.0139815016911949,0.0140286149470691,0.020154500690436807,0.030044241412529822,0.017533367184814755,0.017592449108399105,0.017045041866636138,0.023465333050602583,0.01712821236976025
2025-03-03,0.0182171698320957,Normal,0.0027750854659153,0.0087385468127395,0.0097815864716976,0.0069986269809305,0.0103401057422161,0.0143736304192199,0.0197103699084105,0.011511716973264,0.0170079604331459,0.018025112429640958,0.028270046202326343,0.014436157508532369,0.02132866854545022,0.017045041866636138,0.03305586153195338,0.014102571913488612
2025-04-01,0.0089264582356016,Normal,0.004598752462909,0.0100779377277315,0.0105966444063758,0.0126409670338034,0.0259372033178806,0.0165767324236503,0.021352751073856,0.0207925404737256,0.0426629029503937,0.020787891224254045,0.03062566873222936,0.026074684599905425,0.0535010014747164,0.017045041866636138,0.03266906480240931,0.025472160058821917
2025-05-05,0.0,Normal,0.0004693098769727,0.0223466665945995,0.014650038363839,0.0221328008919954,0.0448812283575534,0.0367569955984024,0.0295205359743203,0.0364052178217934,0.0738230512459591,0.04609475538977873,0.04234049993934212,0.04565361186593068,0.09257708454979086,0.02358755246305964,0.04263023618212504,0.044598664434719014
2025-06-03,-0.0109981781803467,Normal,-0.0119282880405544,0.0185864934889784,0.0204752065637146,0.0096007753163576,0.0091114211827516,0.030572061227656,0.0412585316798708,0.0157918701006569,0.0149869541791315,0.038338598166369114,0.05917598717071201,0.019803642207051976,0.01879424516825618,0.02358755246305964,0.04263023618212504,0.019346026683962226
2025-07-01,-0.0151315028437953,Normal,-0.0032607248779352,0.0157509118496645,0.0147022428356537,0.0100762490183115,0.0106399226933717,0.0259079444837136,0.0296257305103312,0.0165739547438358,0.0175011154326758,0.03248960760222344,0.04249137759445869,0.020784407901705257,0.02194710481050671,0.02239279151135758,0.042210855210586,0.02030412919364706
2025-07-30,0.0368194497811449,Normal,8.546252880179346e-06,0.023017510923558,0.0169412994904613,0.0151022365316748,0.0155937299132347,0.0378604363260095,0.0341375379804017,0.0248409685342044,0.0256494032054857,0.04747851457896515,0.048962540044863494,0.031151576715892127,0.03216538640884087,0.0245853722226487,0.056751409256038644,0.030431737156841866
2025-08-28,0.001660278932423,Normal,-0.000395070539134,0.0243173800599272,0.0265371827214466,0.026694031432271,0.0260135494172573,0.0399985307895286,0.0534737068756923,0.0439077744193275,0.042788481108857,0.05015977129463752,0.0766958799357905,0.05506212051935117,0.053658481551703954,0.028898961418183818,0.04937618521184611,0.053789764615298274
2025-10-01,-0.0095219071645273,Normal,-0.0024633961871604,0.0266732604542685,0.0296936998604068,0.0171327851712703,0.0161766298115253,0.0438736092008248,0.0598342416019518,0.0281809238287444,0.0266081882173387,0.05501927595700096,0.08581862148850643,0.03534001540105255,0.033367741494539666,0.03204474072039574,0.0501052343973295,0.03452339089003236
2025-11-10,0.0068729399317837,Normal,-0.0060842481212019,0.0264389977262276,0.0356795926804194,0.015208538621664,0.0165254715830087,0.0434882813029473,0.0718961051918639,0.0250158199124756,0.0271819818703954,0.05453605922754937,0.10311862359691303,0.03137084739837766,0.034087301884372055,0.029496632528279637,0.06451014346838259,0.030645941010356503
2025-12-17,0.0143584194082179,Normal,-0.0014024327688432,0.0176690592688065,0.0261698148037888,0.0171473212540149,0.0165449697524309,0.0290630162231169,0.0527334427508011,0.0282048335571685,0.0272140535050884,0.03644619485037495,0.07563413928303563,0.03536999916510082,0.034127521008162166,0.029496632528279637,0.0649108899683163,0.0345526817999215
2026-01-20,0.0165293813448747,Normal,-0.0031553570184135,0.0254621936899076,0.037746201366846,0.0160027276724576,0.0162610150873661,0.0418815816409854,0.0760604216637639,0.0263221446531587,0.0267469896443667,0.052521193031407155,0.10909138918217391,0.03300903132503179,0.03354180408378153,0.03579293354649616,0.06966461505392783,0.032246270365277045
2026-02-25,-0.0302784142057904,Normal,-0.0046842986148463,0.0311212192134725,0.0503309502661876,0.0124519523233175,0.0140836602076888,0.0511898502984322,0.1014192994621866,0.0204816389416356,0.023165559573369,0.0641941374568759,0.1454629362577393,0.02568480153577885,0.029050546286982375,0.03401340152815606,0.05857621290702858,0.02509128627392129
2026-04-07,0.0,Normal,-0.0063904360831473,0.0372242236722948,0.0663197073951834,0.027482770383358,0.029601115733385,0.0612283993178271,0.1336374185065865,0.0452051345437409,0.0486895025758687,0.07678288291836356,0.19167250605118005,0.05668906245553831,0.061058600539762795,0.03544761781763136,0.07726282878620865,0.055379111755670535
