Date,price,volume,log_return
2018-01-08,13.051042556762695,1448,0.00601836196972616
2018-01-15,12.757392883300781,2058,-0.022757082434778093
2018-01-16,12.757392883300781,235,0.0
2018-01-18,12.790019989013672,464,0.0025542409021708456
2018-01-22,12.652990341186523,606,-0.01077160060690735
2018-01-23,12.555095672607422,236,-0.007766964985423597
2018-01-24,12.692139625549316,252,0.010856261868106823
2018-01-30,12.594257354736328,203,-0.007741930160332574
2018-02-01,12.790019989013672,500050,0.015424233884556594
2018-02-02,12.679088592529297,100,-0.008711109587226451
2018-02-06,12.679088592529297,1449,0.0
2018-02-07,12.581204414367676,154,-0.00775008176472431
2018-02-08,12.252642631530762,2712,-0.02646234835190046
2018-02-23,12.35754108428955,250,0.008524852089199163
2018-02-27,12.390317916870117,6483,0.002648863624433664
2018-03-12,12.73121166229248,668,0.027141235219039335
2018-03-13,13.113696098327637,269,0.02960059805686644
2018-03-23,13.012659072875977,555,-0.007734529250897598
2018-03-26,12.749773025512695,4754,-0.020409188961593265
2018-04-06,13.012659072875977,26757,0.020409188961593237
2018-04-11,12.992947578430176,356,-0.0015159421954646136
2018-04-16,13.045523643493652,200038,0.004038342809542076
2018-04-17,13.242676734924316,210008,0.014999641285626239
2018-04-19,13.157242774963379,152,-0.006472312021277571
2018-04-23,12.815495491027832,224,-0.0263173643707709
2018-04-26,12.7760648727417,363,-0.003081535391195206
2018-04-27,12.945149421691895,2147,0.013147667344694245
2018-05-08,12.556473731994629,2627,-0.03048478814891712
2018-05-11,12.88731575012207,797,0.026007184651889753
2018-05-16,12.784104347229004,4421,-0.008041001130340274
2018-05-17,12.631755828857422,1438,-0.011988604125398487
2018-05-18,12.21445083618164,3459,-0.03359420164765031
2018-05-21,12.154831886291504,350,-0.004892968702816298
2018-05-29,12.300557136535645,1370,0.011917780160938378
2018-05-31,12.57876205444336,4564,0.022365283577152572
2018-06-05,12.717865943908691,10000,0.010997931548426057
2018-06-06,12.737738609313965,400,0.0015613590634570532
2018-06-12,12.492655754089355,230,-0.01942819922856089
2018-06-19,12.300557136535645,168,-0.015496374960474606
2018-06-21,12.207823753356934,1078,-0.007567519547253402
2018-07-03,12.59863567352295,1579,0.031511490757006336
2018-07-11,12.664875984191895,1925,0.005243963179969597
2018-07-12,12.552266120910645,528,-0.00893127471488145
2018-07-16,12.459532737731934,200,-0.007415205009168528
2018-07-17,12.499279975891113,1235,0.0031850290489581334
2018-07-26,12.62513542175293,200000,0.01001866085888522
2018-07-31,12.684746742248535,528,0.004710526136461567
2018-08-09,12.62513542175293,146,-0.004710526136461455
2018-08-10,12.393294334411621,347,-0.01853415472527909
2018-08-13,12.342733383178711,312,-0.004088046975466984
2018-08-14,12.7137451171875,171,0.02961620102135158
2018-08-23,12.885997772216797,170,0.013457576932457034
2018-08-28,12.852872848510742,1200,-0.0025739235013149246
2018-08-31,12.733614921569824,20687,-0.009322013371808999
2018-09-05,12.587867736816406,10012,-0.011511868897163302
2018-09-07,12.63424015045166,200000,0.0036771285012087438
2018-09-13,12.786619186401367,200022,0.011988647513165154
2018-09-19,12.766744613647461,2234,-0.0015555350690379963
2018-09-27,12.654115676879883,5789,-0.00886120079779631
2018-10-02,12.839619636535645,121,0.014553162290577046
2018-10-08,12.693868637084961,986,-0.011416582095170852
2018-10-12,12.369227409362793,314,-0.02590736475292095
2018-10-15,12.216853141784668,700052,-0.012395324110829706
2018-10-22,11.94522476196289,226,-0.022484806535166282
2018-10-26,11.95846939086914,4000,0.0011081659744281399
2018-12-03,10.98456859588623,201312,-0.08494833002387572
2018-12-04,10.666558265686035,480,-0.029377981468688263
2018-12-07,10.785807609558105,100100,0.011117708216000636
2018-12-10,10.666558265686035,341,-0.011117708216000595
2018-12-13,10.699686050415039,305,0.0031009484666528046
2018-12-17,10.765934944152832,100027,0.006172577452904404
2018-12-18,10.739433288574219,100000,-0.0024646561460599436
2018-12-19,10.911688804626465,111,0.01591226079529798
2018-12-27,10.931571006774902,1521,0.0018204432681685275
2018-12-28,10.454548835754395,1400,-0.044617846340193994
2019-01-02,10.606927871704102,15007,0.01447018144979246
2019-01-03,10.852060317993164,501,0.02284759258411611
2019-01-04,10.92494010925293,242,0.0066933059573278855
2019-01-07,10.898441314697266,1319,-0.002428478617860179
2019-01-14,11.262823104858398,150,0.03288753072044321
2019-01-15,11.262823104858398,179,0.0
2019-01-16,11.196577072143555,14831,-0.00589919804706356
2019-01-22,11.494711875915527,633,0.026278979703326422
2019-01-25,11.48145580291748,404,-0.0011538977826235758
2019-01-29,11.71995735168457,119,0.020559950255210603
2019-01-30,11.759710311889648,110,0.003386163616876072
2019-01-31,12.057846069335938,191,0.025036265307659303
2019-02-01,12.110851287841797,514,0.00438627723331533
2019-02-05,12.369227409362793,400063,0.021109876286842105
2019-02-06,12.392766952514648,200124,0.0019012644861113764
2019-02-07,12.472715377807617,158,0.006430496680357048
2019-03-04,12.439399719238281,5278,-0.0026746567523994085
2019-03-06,12.312808990478516,200005,-0.01022873020954567
2019-03-12,12.687585830688477,100153,0.029983919902798202
2019-03-21,12.976767539978027,2512,0.022536624602358925
2019-03-29,12.696121215820312,51300,-0.02186411562343895
2019-04-04,12.903264999389648,205043,0.016183849332504236
2019-04-05,12.903264999389648,103,0.0
2019-04-09,12.963408470153809,3387,0.004650275515233565
2019-04-15,13.350968360900879,163,0.029458263026536792
2019-05-03,13.224008560180664,129,-0.00955491077259057
2019-06-27,13.364339828491211,284,0.010555944982050702
2019-07-10,12.368692398071289,2378,-0.07742147951761345
2019-07-11,12.542427062988281,500008,0.013948588865531299
2019-07-30,12.916632652282715,176,0.029398771586049473
2019-08-06,12.918421745300293,14,0.0001385012001835799
2019-08-07,12.704323768615723,27,-0.01671194521143388
2019-08-12,13.076982498168945,19,0.028911233811158343
2019-08-13,13.076982498168945,21,0.0
2019-08-14,13.07752799987793,10,4.1713776987382784e-05
2019-08-15,13.07752799987793,7,0.0
2019-08-16,12.874250411987305,27,-0.01566611290625929
2019-08-19,12.772613525390625,41,-0.007925913976410048
2019-08-20,12.704851150512695,23,-0.005319409566391554
2019-08-22,12.874250411987305,17,0.013245323542801668
2019-08-23,12.955557823181152,54,0.006295647184538136
2019-08-26,12.704851150512695,177,-0.019540970727339714
2019-08-27,12.89457893371582,10,0.01482308446261901
2019-08-30,13.07752799987793,6,0.01408835198644189
2019-09-02,13.084309577941895,3,0.0005184328658631356
2019-09-03,13.091082572937012,67,0.0005175085903000265
2019-09-09,12.325407028198242,46,-0.06026853480546006
2019-09-10,12.325407028198242,21,0.0
2019-09-12,13.084309577941895,269,0.05975102621516012
2019-09-13,13.565390586853027,3119,0.03610796922052623
2019-09-17,13.565390586853027,199,0.0
2019-09-18,13.524744033813477,252,-0.0030008402771488393
2019-09-19,13.558614730834961,158,0.002501219658464085
2019-09-20,13.667034149169922,3,0.007964547837631036
2019-09-23,14.005536079406738,1,0.024466019056732517
2019-09-24,13.679352760314941,17,-0.023565087462440185
2019-09-26,13.720115661621094,5,0.0029754541768742884
2019-09-27,13.80845832824707,296,0.006418274330209823
2019-09-30,13.80845832824707,19,0.0
2019-10-01,13.720115661621094,41,-0.006418274330209714
2019-10-02,13.618186950683594,1040,-0.007456877238859949
2019-10-04,13.80845832824707,474,0.013875151569069811
2019-10-07,14.087071418762207,71,0.0199761293603487
2019-10-08,14.032712936401367,532,-0.003866213864589844
2019-10-09,14.059894561767578,62,0.0019351449558698839
2019-10-10,14.134644508361816,24,0.00530245389346203
2019-10-11,14.284139633178711,950,0.010520964095174916
2019-10-14,14.406466484069824,657,0.008527361997808876
2019-10-15,14.399669647216797,224,-0.0004719020244980282
2019-10-16,14.657898902893066,168,0.01777409926647229
2019-10-17,14.39287281036377,1047,-0.018246224087633368
2019-10-18,14.358892440795898,4,-0.0023637077648661436
2019-10-21,14.32491397857666,52,-0.0023691749704240843
2019-10-22,14.399669647216797,58,0.005205007556451481
2019-10-23,14.222990036010742,224,-0.01234559312013963
2019-10-25,14.827791213989258,1,0.04164353263213325
2019-10-28,14.40030574798584,56,-0.02925376580973037
2019-10-30,14.093915939331055,77,-0.021506228256086283
2019-10-31,14.134769439697266,47,0.0028944691075798337
2019-11-01,14.516048431396484,101,0.026617146052947478
2019-11-04,14.420730590820312,250,-0.006588030081205471
2019-11-05,14.359457015991211,106,-0.004258045030503445
2019-11-06,14.23690128326416,76,-0.00857147485654832
2019-11-07,14.386686325073242,131,0.010465942361480044
2019-11-08,14.4547758102417,1,0.004721647699248083
2019-11-11,14.697449684143066,98,0.016649122006309428
2019-11-12,14.331393241882324,821,-0.025221525212190364
2019-11-13,14.304240226745605,159,-0.0018964499810701049
2019-11-14,14.283514976501465,161,-0.001449939229416594
2019-11-19,14.44238567352295,113,0.01106125923028048
2019-11-20,14.297335624694824,169,-0.010094132711658078
2019-11-21,14.5667085647583,134,0.018665489773762884
2019-11-26,14.849881172180176,258,0.0192531736148096
2019-11-27,14.849881172180176,255,0.0
2019-11-28,14.55289077758789,118,-0.020202210587816405
2019-11-29,14.580521583557129,220,0.0018968470916775784
2019-12-02,14.41474723815918,353,-0.011434703550896005
2019-12-03,14.352584838867188,3,-0.004321742167710976
2019-12-04,14.849881172180176,1,0.034061809214745796
2019-12-05,14.38021469116211,2394,-0.03213858131747828
2019-12-06,14.242080688476562,31,-0.009652270952061573
2019-12-10,14.221357345581055,2,-0.001456137978301787
2019-12-11,14.345678329467773,251,0.008703862042309671
2019-12-13,14.352584838867188,120,0.0004813189907861161
2019-12-16,14.297335624694824,103,-0.003856854173826537
2019-12-17,14.43547534942627,810,0.009615542955783282
2019-12-18,14.456197738647461,6,0.001434488941605664
2019-12-19,14.41474723815918,158,-0.002871435555851431
2019-12-20,14.504537582397461,517,0.006209740892843599
2019-12-23,14.573610305786133,4982,0.004750842699571467
2019-12-24,14.573610305786133,324,0.0
2019-12-26,14.573610305786133,65,0.0
2019-12-27,14.760099411010742,45,0.012715174424289887
2019-12-30,14.297335624694824,770,-0.03185435435824257
2019-12-31,14.262796401977539,286,-0.0024187030734491638
2020-01-02,14.587427139282227,154,0.02250550598248064
2020-01-03,14.704840660095215,1903,0.00801673331981603
2020-01-06,14.684118270874023,500219,-0.0014102161770411456
2020-01-07,14.5667085647583,399,-0.008027830278043565
2020-01-08,14.587427139282227,105,0.0014213131352686734
2020-01-09,14.608141899108887,638,0.0014190347360902497
2020-01-10,14.670307159423828,14218,0.004246492265208863
2020-01-13,14.587427139282227,365,-0.005665527001299199
2020-01-14,14.642680168151855,1027,0.00378056050891425
2020-01-15,14.594331741333008,357,-0.0033073469368418273
2020-01-16,14.82226848602295,52,0.015497460950522771
2020-01-17,15.091630935668945,513,0.01800967011434444
2020-01-20,15.222870826721191,478,0.008658609138138923
2020-01-21,15.091630935668945,371,-0.00865860913813888
2020-01-22,14.974213600158691,306,-0.007810719057828304
2020-01-23,14.967304229736328,23,-0.00046152440128532354
2020-01-24,14.912049293518066,127,-0.003698540476265363
2020-01-27,14.476921081542969,223,-0.029613831707373632
2020-01-28,14.575998306274414,26017,0.006820492460030158
2020-01-29,14.6521635055542,122,0.005211779801556166
2020-01-31,14.479056358337402,1440,-0.011884787908641463
2020-02-04,14.804494857788086,48,0.02222762505696074
2020-02-05,14.835479736328125,48,0.00209075009349302
2020-02-06,14.724455833435059,22,-0.007511817791108509
2020-02-07,14.620368957519531,418,-0.007094083074599423
2020-02-10,14.701925277709961,216,0.005562765985847281
2020-02-11,14.681021690368652,76,-0.001422838280351762
2020-02-12,14.75073528289795,518,0.004737313030233995
2020-02-13,14.76467227935791,82,0.0009443879415450239
2020-02-14,14.771641731262207,2055,0.00047192429164591307
2020-02-17,14.639192581176758,282,-0.00900688801126416
2020-02-18,14.729811668395996,68,0.006171089358785131
2020-02-19,14.771641731262207,105,0.002835798652479171
2020-02-20,14.708901405334473,160,-0.004256395166037727
2020-02-21,14.639192581176758,281,-0.0047504928452264455
2020-02-24,14.430062294006348,31,-0.014388665697879503
2020-02-26,14.437036514282227,635,0.00048319510442586255
2020-02-27,14.869246482849121,4,0.029498200679922645
2020-02-28,13.565650939941406,862,-0.09175415385396074
2020-03-02,14.213960647583008,209,0.046683694147667175
2020-03-03,14.325495719909668,27,0.007816241397879195
2020-03-04,14.639192581176758,8,0.021661488221945406
2020-03-05,14.614645957946777,5061,-0.0016781817509539663
2020-03-06,14.614645957946777,1213,0.0
2020-03-11,14.54471206665039,25,-0.004796677987534688
2020-03-12,12.586771011352539,22709,-0.14458115304311658
2020-03-17,12.964373588562012,50,0.02955875957607452
2020-03-18,12.964373588562012,140,0.0
2020-03-20,10.20927619934082,69217,-0.23890836393172102
2020-03-23,10.153329849243164,954,-0.0054950226646217565
2020-04-01,10.307169914245605,545,0.015038045592430735
2020-04-03,10.055428504943848,333,-0.024727122821476967
2020-04-16,10.433036804199219,315,0.03686474872896799
2020-04-20,10.747705459594727,468,0.029714899020472668
2020-04-21,10.461006164550781,273,-0.027037640521506704
2020-04-23,10.384085655212402,171,-0.007380236954069743
2020-04-27,10.705747604370117,149,0.03050634784013883
2020-04-29,10.433036804199219,510,-0.02580336938503493
2020-05-04,10.52393913269043,277,0.008675192343159064
2020-05-08,10.838607788085938,1618,0.02946197543539209
2020-05-11,10.88056468963623,345,0.003863586772034097
2020-05-12,10.8433198928833,1178,-0.0034289293983093684
2020-05-13,10.801043510437012,731,-0.00390646150422806
2020-05-14,10.498079299926758,185,-0.028450434185017043
2020-05-22,10.779911041259766,155,0.026491996630176932
2020-05-25,11.061735153198242,2089,0.025807556005360728
2020-05-26,10.730587005615234,1538,-0.030393607149788268
2020-05-27,10.850366592407227,99149,0.011100604634202668
2020-06-04,10.455806732177734,711,-0.037041374498909145
2020-06-08,10.469897270202637,529,0.0013467207748819484
2020-06-16,11.716987609863281,30666,0.11253550822557908
2020-06-17,11.716987609863281,569,0.0
2020-06-22,12.069272994995117,2086,0.029623079664745575
2020-06-23,12.196086883544922,1098,0.010452352137767469
2020-06-24,11.921309471130371,7273,-0.022787642474202303
2020-06-26,11.932655334472656,412,0.0009512770133055884
2020-06-30,11.649385452270508,1236,-0.0240253598352314
2020-07-06,11.755615234375,409,0.009077590980985338
2020-07-08,11.684794425964355,126,-0.006042643872694092
2020-07-13,11.507753372192383,16213,-0.015267360378703033
2020-07-14,11.521919250488281,268,0.0012302285242712114
2020-07-15,11.698962211608887,257,0.01524889501103209
2020-07-17,11.69187068939209,750,-0.0006063505702498113
2020-07-21,11.628144264221191,196,-0.005465398193469425
2020-07-23,11.755615234375,425,0.010902629479812952
2020-07-30,11.861839294433594,139,0.008995446669761554
2020-07-31,11.684794425964355,5618,-0.015038090542455572
2020-08-03,11.854754447937012,439,0.014440631498859904
2020-08-04,11.911410331726074,696,0.004767785769254469
2020-08-05,12.145110130310059,314,0.019429838249070013
2020-08-07,12.247575759887695,1083,0.008401389886745093
2020-08-10,12.183490753173828,368,-0.005246201893141894
2020-08-11,12.190613746643066,2097,0.0005844722354467117
2020-08-13,12.309487342834473,2795,0.00970400314621817
2020-08-14,12.473810195922852,480,0.013260968269757008
2020-08-17,12.309487342834473,606,-0.013260968269757123
2020-08-18,12.316635131835938,289,0.0005805046417308184
2020-08-19,12.50239086151123,324,0.014969096554846038
2020-08-20,12.0523042678833,1661,-0.03666402773371555
2020-08-21,12.073729515075684,3750,0.0017761106543588037
2020-08-24,12.202329635620117,396,0.010594909388990896
2020-08-25,12.145177841186523,184,-0.0046946817416088915
2020-08-26,11.988004684448242,402512,-0.013025665291822402
2020-08-27,11.830825805664062,2063,-0.013198058603998418
2020-08-28,11.988004684448242,479,0.013198058603998513
2020-08-31,11.859407424926758,724,-0.010785112065897093
2020-09-03,11.7951078414917,1181,-0.005436572348438451
2020-09-04,11.70223617553711,5041,-0.007904906145728757
2020-09-08,11.609360694885254,4413,-0.007968220502089061
2020-09-09,11.459334373474121,50717,-0.013007102147782224
2020-09-14,11.50933837890625,165,0.004354111791341771
2020-09-15,11.530771255493164,298,0.0018604844429412025
2020-09-17,11.430753707885742,663,-0.008711806410089267
2020-09-18,11.445042610168457,6469,0.001249259605425757
2020-09-21,11.28786563873291,5029,-0.013828364973792799
2020-10-28,11.566492080688477,10029,0.02438399282050576
2020-10-29,11.602212905883789,600065,0.0030835433848828125
2020-10-30,11.629167556762695,600542,0.0023205390672261504
2020-11-04,11.550446510314941,751,-0.006792291612001537
2020-11-06,11.96615219116211,743,0.03535791839763514
2020-11-10,11.634023666381836,1729,-0.028148133790532853
2020-11-24,12.652905464172363,204208,0.08395299003374192
2020-11-25,12.717940330505371,1108,0.005126751335372774
2020-11-26,12.754068374633789,1136,0.0028366878146819916
2020-11-27,12.739615440368652,1196,-0.0011338444391490344
2020-11-30,12.927496910095215,219985,0.014640121796199624
2020-12-01,13.014211654663086,200597,0.006685378283567925
2020-12-02,12.848008155822754,461,-0.012853172556427789
2020-12-04,12.862462043762207,209,0.001124358236154066
2020-12-07,12.963628768920898,381,0.007834499100500344
2020-12-08,13.064794540405273,786,0.007773523560447231
2020-12-09,12.886816024780273,288,-0.013716397721772087
2020-12-10,13.262641906738281,918,0.02874642855846177
2020-12-11,13.840845108032227,536,0.04267280731318919
2020-12-14,14.252819061279297,785,0.02933070496645251
2020-12-16,13.248188018798828,5448,-0.07309392622837095
2020-12-17,13.566203117370605,639,0.023720845161466032
2020-12-21,13.096406936645508,949,-0.03524372200372715
2020-12-24,13.45778751373291,1463,0.02722002285696049
2020-12-30,14.346785545349121,2984,0.06396797750746222
2020-12-31,13.597199440002441,586,-0.05366206529699309
2021-01-05,14.023694038391113,495,0.030884482373262884
2021-01-06,14.348984718322754,2984,0.022930857985366815
2021-01-07,14.385138511657715,639,0.002516437486129177
2021-01-11,14.038156509399414,3107,-0.024416538624997007
2021-01-12,14.023694038391113,1371,-0.0010307568464989817
2021-01-14,14.023694038391113,1017,0.0
2021-01-20,13.344198226928711,489,-0.04966662973927651
2021-01-21,13.271909713745117,2708,-0.005431950538415541
2021-01-22,13.336971282958984,310,0.004890224348805425
2021-01-25,13.300824165344238,886,-0.002713973825060539
2021-01-26,13.380342483520508,5485,0.005960650421237464
2021-01-27,13.374945640563965,221825,-0.0004034225312549672
2021-01-28,13.150215148925781,332,-0.016945108891939266
2021-01-29,13.237201690673828,547568,0.00659305587762745
2021-02-02,13.396686553955078,523,0.011976228784576786
2021-02-04,13.50542163848877,190,0.00808380338738653
2021-02-08,13.904139518737793,499,0.029095395229788056
2021-02-10,13.973278045654297,515,0.004960191776078689
2021-02-11,13.63814926147461,54919,-0.024275836113731675
2021-02-12,13.550727844238281,671,-0.006430697241671415
2021-02-15,13.572576522827148,922,0.0016110635355425092
2021-02-16,13.980552673339844,499,0.029615944306731132
2021-02-17,13.55800724029541,479,-0.03068995613481528
2021-02-22,13.550727844238281,530535,-0.000537051707458331
2021-02-23,13.448729515075684,4669,-0.0075556195844649265
2021-02-25,13.645435333251953,1671796,0.014520416143273328
2021-02-26,13.681862831115723,1618578,0.00266601690520664
2021-03-01,13.754707336425781,396,0.005310042474609805
2021-03-02,13.725576400756836,893,-0.0021201343377264454
2021-03-03,13.689144134521484,364,-0.0026578631458704974
2021-03-08,13.99513053894043,1573,0.02210633068515624
2021-03-12,14.206405639648438,1812,0.014983513810055733
2021-03-17,14.060697555541992,872,-0.010309466353720084
2021-03-19,14.060697555541992,265,0.0
2021-03-22,14.00241470336914,519621,-0.004153704366966855
2021-03-23,14.00241470336914,1549746,0.0
2021-03-24,13.863992691040039,100545,-0.00993476833125532
2021-03-26,13.645435333251953,1716,-0.015889967339489355
2021-03-30,13.878568649291992,325,0.016940768627398836
2021-03-31,13.849428176879883,2885,-0.002101881598091249
2021-04-05,13.965989112854004,648,0.008381079963927267
2021-04-06,13.987842559814453,1096,0.001563538885713814
2021-04-08,13.987842559814453,318,0.0
2021-04-12,14.206405639648438,727,0.01550440051248297
2021-04-14,13.885849952697754,638,-0.022822631655904382
2021-04-22,13.91498851776123,600,0.002096237188279161
2021-04-28,13.754707336425781,579539,-0.011585452543989773
2021-04-29,13.929560661315918,165,0.012632131000971004
2021-05-04,13.820284843444824,68531,-0.007875819179120842
2021-05-05,14.024272918701172,1528,0.014652179175587287
2021-05-06,13.977245330810547,645,-0.003358934446844406
2021-05-07,13.80134105682373,594,-0.012664908341859692
2021-05-10,13.977245330810547,618,0.012664908341859696
2021-05-11,13.874638557434082,2332,-0.007368064435712287
2021-05-12,13.707417488098145,9893,-0.012125500571811004
2021-05-13,13.773711204528809,1250,0.004824681385424901
2021-05-14,13.722146034240723,899,-0.003750763636342412
2021-05-18,13.758980751037598,24340,0.0026807298800732467
2021-05-19,13.736884117126465,366,-0.001607269949424369
2021-05-25,13.589570999145508,522,-0.010781826213456103
2021-05-26,13.412790298461914,865,-0.013093908676264492
2021-05-27,13.390695571899414,1500360,-0.001648646125648137
2021-05-28,13.434886932373047,776286,0.003294720660178267
2021-05-31,13.700057983398438,454988,0.019545239058709557
2021-06-02,13.736884117126465,703,0.002684421296480665
2021-06-03,13.722146034240723,336,-0.0010734599306489222
2021-06-07,13.935757637023926,1334,0.015447002259596715
2021-06-09,13.898927688598633,68926,-0.002646336359694801
2021-06-10,13.83263111114502,1327,-0.004781318225407904
2021-06-11,13.847366333007812,448,0.00106468385948738
2021-06-16,13.893211364746094,435819,0.003305271719657396
2021-06-17,13.878437042236328,3050,-0.001063986097407446
2021-06-18,13.83411979675293,5886,-0.0031983539822300904
2021-06-22,13.848893165588379,6793,0.0010673238681070132
2021-06-25,13.509130477905273,294,-0.024839525066052158
2021-06-28,13.420499801635742,60237,-0.006582414638927337
2021-06-29,13.479583740234375,50214,0.0043928513098657005
2021-06-30,13.368794441223145,2505,-0.008253007098079265
2021-07-01,13.442651748657227,874,0.005509400256133239
2021-07-02,13.442651748657227,145,0.0
2021-07-05,13.390949249267578,1006,-0.003853568768160574
2021-07-06,13.331869125366211,409,-0.004421705774573663
2021-07-07,13.368794441223145,31952,0.002765874286601
2021-07-08,13.405729293823242,258,0.0027589567152800708
2021-07-09,13.494357109069824,961,0.006589431320656801
2021-07-12,13.486973762512207,7318,-0.0005472929987814935
2021-07-13,13.546063423156738,10343,0.004371669697807962
2021-07-14,13.553452491760254,463,0.0005453284707985451
2021-07-15,13.627309799194336,14536,0.005434541417198834
2021-07-16,13.627309799194336,2341,0.0
2021-07-19,13.331869125366211,669,-0.021918508909561724
2021-07-21,13.664238929748535,336,0.02462477915166044
2021-07-22,13.63469123840332,416,-0.0021647517101917603
2021-07-23,13.619921684265137,689,-0.0010838206087069044
2021-08-02,13.516517639160156,1335,-0.00762108428122234
2021-08-03,13.56822395324707,609,0.003818118531806284
2021-08-09,13.669464111328125,568,0.007433863261164492
2021-08-10,13.617572784423828,61032,-0.0038033729830024014
2021-08-16,13.758421897888184,1404,0.010290063094964764
2021-08-23,13.706527709960938,620,-0.003778943739134543
2021-08-24,13.52120590209961,181,-0.013612933955902589
2021-08-26,13.60274887084961,528,0.006012634594969016
2021-08-27,13.60274887084961,2239,0.0
2021-08-30,13.676876068115234,1091,0.005434633348400559
2021-09-02,14.032690048217773,335,0.02568308265216924
2021-09-08,13.877019882202148,405,-0.011155385042261169
2021-09-09,13.877019882202148,286,0.0
2021-09-10,13.758421897888184,1091,-0.008583087858240636
2021-09-13,13.928918838500977,947,0.012316032614196743
2021-09-14,13.973390579223633,507,0.0031876772430820457
2021-09-17,14.099413871765137,878,0.008978379009863265
2021-09-23,14.158720016479492,4663,0.0041974627216082375
2021-09-28,13.862203598022461,1275,-0.021164718982805527
2021-09-29,13.847378730773926,888,-0.0010700174753331057
2021-09-30,14.025284767150879,1411,0.012765802050610984
2021-10-01,13.89185619354248,553,-0.009558972373715975
2021-10-04,13.89185619354248,809,0.0
2021-10-05,13.788074493408203,1339,-0.007498731670953576
2021-10-06,13.713945388793945,642,-0.005390824706969709
2021-10-07,13.83996295928955,1526,0.009147047129856605
2021-10-11,13.676876068115234,2292,-0.011853745311107597
2021-10-13,13.65463638305664,485,-0.0016274028015608579
2021-10-14,13.676876068115234,481,0.0016274028015607483
2021-10-15,13.713945388793945,813,0.002706698181250994
2021-10-18,13.721356391906738,662,0.0005402530908745956
2021-10-20,13.669464111328125,10168,-0.00378903163242035
2021-10-21,13.565683364868164,394,-0.007621126256983244
2021-10-22,13.558267593383789,661,-0.0005468061552363125
2021-10-25,13.676876068115234,508,0.008710012772514415
2021-10-27,13.35811996459961,5056,-0.023582091529186614
2021-10-29,13.387768745422363,2102,0.002217072933254949
2021-11-01,13.4322509765625,3324,0.003317094647070527
2021-11-03,13.35811996459961,780,-0.005534167580325467
2021-11-04,13.335878372192383,677,-0.001666411848352711
2021-11-08,13.461895942687988,609,0.009405146706531992
2021-11-09,13.64427375793457,816,0.013456756849031798
2021-11-10,13.57706069946289,369,-0.004938273336158234
2021-11-11,13.35301685333252,752,-0.016639314525474166
2021-11-12,13.435161590576172,948,0.006132928738701699
2021-11-16,13.362021446228027,302,-0.00545880705970263
2021-11-17,13.114716529846191,957,-0.018681463627029386
2021-11-18,12.972328186035156,332,-0.010916511195231229
2021-11-19,13.06974983215332,642,0.007481899141232565
2021-11-22,12.904876708984375,4005,-0.012695107452418126
2021-11-23,12.86740779876709,583,-0.0029076923006157982
2021-11-24,12.799962043762207,1492,-0.005255381494155139
2021-11-25,12.859914779663086,1707,0.00467288642160894
2021-11-26,12.650074005126953,511,-0.016452026647625243
2021-11-29,12.837433815002441,1320,0.014702354278663985
2021-12-01,13.0997314453125,430,0.020226309996401133
2021-12-02,13.18216609954834,1078,0.006273133393588076
2021-12-03,13.174667358398438,5982,-0.0005690168634404293
2021-12-06,13.234622955322266,6000,0.004540500650794864
2021-12-08,13.219632148742676,5599,-0.001133338143539089
2021-12-09,13.189656257629395,343,-0.00227010311865236
2021-12-10,13.227130889892578,325,0.002837185096881863
2021-12-13,13.114716529846191,1599,-0.008535091763493891
2021-12-14,13.279582977294922,708,0.012492742351810368
2021-12-16,13.272096633911133,373,-0.0005639073453576872
2021-12-20,13.249615669250488,56681,-0.0016952879804942762
2021-12-21,13.526896476745605,1091,0.020711489077479855
2021-12-22,13.61681842803955,1097,0.0066256428471332144
2021-12-23,13.856634140014648,12923,0.017458439386993038
2021-12-24,13.864130020141602,329,0.000540813396510017
2021-12-27,14.126426696777344,5657,0.018742346388057125
2021-12-28,14.19387149810791,154506,0.004763009794054302
2021-12-29,14.088953971862793,1507,-0.00741920269725082
2022-01-03,14.238835334777832,2299,0.010582030240691542
2022-01-04,14.126426696777344,5890,-0.007925837337494988
2022-01-05,13.886616706848145,1076,-0.017121727537734967
2022-01-06,13.819167137145996,259,-0.004868997992255495
2022-01-07,13.834155082702637,710,0.0010839888896598795
2022-01-11,13.669280052185059,527,-0.01198955728712453
2022-01-14,13.80417537689209,1175,0.009820126856984423
2022-01-17,13.916583061218262,1080,0.008110045090632357
2022-01-18,13.759212493896484,760,-0.011372555714388919
2022-01-20,13.789188385009766,503,0.0021762354247370315
2022-01-21,14.014015197753906,691056,0.016173079673208746
2022-01-25,13.534388542175293,144605,-0.03482416842044933
2022-01-27,13.564360618591309,529,0.0022120643620771024
2022-01-28,13.35452938079834,413,-0.015590203594215922
2022-01-31,13.676767349243164,2630,0.02384297262557434
2022-02-03,14.0311279296875,1298,0.025579705625920702
2022-02-04,13.963276863098145,1318,-0.004847482913514105
2022-02-08,13.910496711730957,830,-0.003787087837727355
2022-02-09,14.016046524047852,2656,0.007559139276455184
2022-02-10,14.37040901184082,1893,0.024968309042377856
2022-02-11,14.413829803466797,1388,0.003016986124940982
2022-02-14,13.96554183959961,514,-0.03159515023601455
2022-02-15,14.132701873779297,222047,0.011898395357086835
2022-02-16,14.32265567779541,412,0.013351202868704266
2022-02-17,14.413829803466797,9223,0.006345552010223397
2022-02-22,14.292257308959961,619,-0.008470205003909116
2022-02-24,13.46405029296875,140705,-0.059694751457068214
2022-02-25,13.722390174865723,531,0.019005625873212455
2022-03-02,14.132701873779297,1201,0.029462575708837035
2022-03-07,13.904756546020508,540,-0.016260414673798382
2022-03-10,14.10990047454834,325,0.014645733143837802
2022-03-14,13.843968391418457,615,-0.019027069726359088
2022-03-15,13.775579452514648,806912,-0.0049522229007730985
2022-03-18,14.451824188232422,1278,0.04792322831827985
2022-03-22,14.079516410827637,947,-0.026099643672669467
2022-03-23,13.96554183959961,247,-0.008128005845604273
2022-03-24,14.01872444152832,252,0.003800897648776077
2022-03-25,14.01872444152832,539,0.0
2022-03-28,14.18588924407959,671,0.011853859217929334
2022-03-29,14.459424018859863,1428,0.01909862787739124
2022-03-30,14.429030418395996,520,-0.0021042047607151707
2022-03-31,14.39104175567627,556,-0.0026362657589277007
2022-04-06,14.565794944763184,333,0.012070055336785835
2022-04-11,14.299861907958984,2481,-0.018426087600650294
2022-04-12,14.147900581359863,2078,-0.010683636160133611
2022-04-13,14.277063369750977,492,0.009088045114325007
2022-04-18,14.23907470703125,677,-0.0026643639535181497
2022-04-19,14.444226264953613,164,0.014304842837481941
2022-04-20,14.451824188232422,370,0.0005258797195289679
2022-04-26,14.284661293029785,625,-0.011634323262648601
2022-04-28,14.195690155029297,664,-0.006247916398719883
2022-04-29,14.195690155029297,228,0.0
2022-05-02,14.096635818481445,501,-0.007002233847462981
2022-05-03,13.997577667236328,490,-0.007051883605916539
2022-05-05,14.096635818481445,741,0.007051883605916408
2022-05-09,14.127608299255371,1804,0.0021947438576096793
2022-05-11,13.9974365234375,313220,-0.009256710958956233
2022-05-12,13.881688117980957,255,-0.008303637364471504
2022-05-13,13.989716529846191,1671,0.007751956114691698
2022-05-16,13.796807289123535,2588,-0.013885316595225825
2022-05-17,13.881688117980957,4131,0.00613336048053421
2022-05-18,13.881688117980957,429,0.0
2022-05-19,13.95113754272461,302,0.004990479207970374
2022-05-25,14.244357109069824,1798,0.02079978671885415
2022-05-26,14.244357109069824,1754,0.0
2022-06-03,13.932964324951172,697,-0.02210326928629018
2022-06-06,13.801740646362305,668,-0.009462848653387658
2022-06-07,13.89437198638916,876,0.006689147076457573
2022-06-08,14.095071792602539,1151,0.014341352953453512
2022-06-09,14.125945091247559,1471,0.002187965875819365
2022-06-10,13.994717597961426,1211,-0.009333239926129841
2022-06-13,13.554737091064453,701,-0.031943856936782845
2022-06-14,13.330879211425781,759,-0.016652997684350995
2022-06-15,13.500699043273926,980,0.012658375725251336
2022-06-16,13.199652671813965,1108,-0.02255094858227607
2022-06-17,13.369468688964844,795,0.012783134774200157
2022-06-20,13.377191543579102,533,0.0005774818060822486
2022-06-22,13.161957740783691,594,-0.016220453754983485
2022-06-23,13.254863739013672,10543,0.007033880389286787
2022-06-28,13.719400405883789,1539,0.03444635942835288
2022-06-29,13.657468795776367,5851,-0.004524382630927898
2022-07-04,14.152968406677246,439,0.03563784696204232
2022-07-05,14.106518745422363,406,-0.003287370562381966
2022-07-06,14.292335510253906,2553,0.01308640235777942
2022-07-07,14.493632316589355,2306,0.013985987117405157
2022-07-08,14.369765281677246,628,-0.008583036346603715
2022-07-11,14.470410346984863,1122,0.006979532661019178
2022-07-12,14.71042251586914,3292,0.01645035853145488
2022-07-13,14.447183609008789,369,-0.018056767626639856
2022-07-14,14.532346725463867,534,0.00587748390909245
2022-07-15,14.60202693939209,664,0.004783377023354911
2022-07-19,14.555574417114258,419,-0.003186308846936597
2022-07-20,14.555574417114258,1160,0.0
2022-07-21,14.54008674621582,318,-0.001064603569190772
2022-07-22,14.462664604187012,518,-0.005338964224476482
2022-07-25,14.447183609008789,336,-0.0010709842918435637
2022-07-26,14.41621208190918,399,-0.0021460772889136254
2022-07-27,14.41489315032959,353,-9.149365380802213e-05
2022-07-28,14.616711616516113,530,0.013903586723472784
2022-08-01,14.748680114746094,628,0.008988089644281843
2022-08-02,14.632242202758789,1578,-0.007926131134709526
2022-08-03,14.383845329284668,577,-0.017121739199373837
2022-08-04,14.6477632522583,1062,0.01818192007790137
2022-08-05,14.592414855957031,728471,-0.0037857814820074537
2022-08-08,14.764832496643066,517049,0.011746307210945082
2022-08-09,15.023368835449219,102593,0.017358740654750116
2022-08-10,14.850327491760254,1274,-0.01158499284067142
2022-08-11,14.826727867126465,200419,-0.001590429328175114
2022-08-15,14.866061210632324,554,0.0026493547918212046
2022-08-16,14.787400245666504,992,-0.005305360359802518
2022-08-18,14.69301700592041,796,-0.006403136116946103
2022-08-19,14.606493949890137,60558,-0.005906126397201494
2022-08-23,14.559300422668457,1292,-0.0032362271918697527
2022-08-24,14.504247665405273,1992,-0.0037884447515405028
2022-08-29,14.394119262695312,412,-0.007621810333779634
2022-09-01,14.323331832885742,100114,-0.004929934271919574
2022-09-02,14.362662315368652,18983,0.0027421400788519698
2022-09-05,14.401987075805664,554,0.002734243995249005
2022-09-06,14.268271446228027,362,-0.009327896294991802
2022-09-09,14.417719841003418,658,0.010419702454298687
2022-09-12,14.669419288635254,1321,0.017307011814558744
2022-09-13,14.740209579467773,749,0.00481409866591093
2022-09-15,14.551433563232422,625,-0.012889589630483351
2022-09-19,14.606493949890137,277,0.003776705465715239
2022-09-20,14.653681755065918,777,0.0032253973154655236
2022-09-21,14.858196258544922,989,0.013860031362188533
2022-09-22,14.842455863952637,1354,-0.0010599360580376155
2022-09-26,14.45704460144043,899,-0.02630990210013585
2022-09-28,14.339059829711914,1148,-0.008194541191358136
2022-09-30,14.331193923950195,346,-0.0005487154753958131
2022-10-04,14.354785919189453,2065,0.0016448453695711944
2022-10-05,14.221075057983398,94519,-0.009358376790056772
2022-10-06,14.331193923950195,707,0.0077135314204855344
2022-10-10,14.166016578674316,404,-0.011592657119966192
2022-10-11,14.11882209777832,29585,-0.0033370898970282144
2022-10-12,14.276140213012695,417,0.011080819421096922
2022-10-13,14.291865348815918,442,0.0011008915100759935
2022-10-14,14.291865348815918,530,0.0
2022-10-18,14.38625431060791,675,0.006582670255071135
2022-10-19,14.504247665405273,431,0.008168360034613369
2022-10-21,14.614359855651855,404,0.007563048132145762
2022-10-24,14.645822525024414,507,0.0021505458229250413
2022-10-26,14.732339859008789,269,0.005889924833910014
2022-10-27,14.763801574707031,377,0.0021332775136344902
2022-10-31,14.944716453552246,256,0.012179477621342282
2022-11-01,15.015501976013184,41819,0.004725309619408484
2022-11-03,14.952580451965332,533,-0.004199242087664682
2022-11-04,15.259334564208984,460,0.02030752794141922
2022-11-08,15.31862735748291,1462,0.0038781438566367382
2022-11-11,15.686134338378906,770,0.023707596752561275
2022-11-14,15.749898910522461,536,0.004056787896186683
2022-11-15,15.725993156433105,423,-0.0015189884775963828
2022-11-16,15.702078819274902,343,-0.0015218459339271398
2022-11-17,15.526725769042969,503,-0.011230330171448765
2022-11-18,15.646286964416504,217,0.007670851878402842
2022-11-22,15.608075141906738,3490,-0.0024452165377159087
2022-11-23,15.584162712097168,2820,-0.0015332298122324155
2022-11-25,15.624025344848633,179116,0.0025546279301935986
2022-11-29,15.751565933227539,617,0.008129968914084292
2022-12-01,15.942880630493164,115392,0.012072589468352624
2022-12-02,15.903024673461914,24072,-0.002503051959733298
2022-12-05,15.632001876831055,1864,-0.0171891068060785
2022-12-06,15.679817199707031,34277,0.003054141308536202
2022-12-07,15.77548599243164,99303,0.006082859041490712
2022-12-08,15.903024673461914,2206,0.008052106456051557
2022-12-13,15.855191230773926,1451,-0.0030123530240712456
2022-12-14,15.823310852050781,1997,-0.002012746019522336
2022-12-16,15.560247421264648,12893,-0.016764803392926228
2022-12-20,15.695761680603027,268,0.008671299526540667
2022-12-23,15.831278800964355,154,0.008596934753925076
2022-12-27,15.8472261428833,2182,0.001006824235825414
2022-12-28,15.47257137298584,727,-0.023925610735999716
2022-12-29,15.632001876831055,544,0.010251347850149877
2022-12-30,15.759546279907227,1060,0.008126079305504892
2023-01-02,15.8472261428833,682,0.005548183580344927
2023-01-04,16.269710540771484,4011,0.026310651844005054
2023-01-05,16.341459274291992,730,0.004400262222776777
2023-01-06,16.50088119506836,10764,0.00970839292576637
2023-01-09,16.64401626586914,867,0.00863698315925156
2023-01-10,16.572214126586914,4005,-0.004323323283370424
2023-01-11,16.675933837890625,774,0.006239147387822113
2023-01-12,16.899341583251953,31981,0.01330806909327349
2023-01-16,16.931257247924805,767,0.0018867933317055117
2023-01-17,16.827533721923828,4343,-0.006144998053124954
2023-01-18,16.675933837890625,2728,-0.009049864371854233
2023-01-19,16.715822219848633,475,0.0023891166946837595
2023-01-20,16.803598403930664,1475,0.005237344983212837
2023-01-23,16.891361236572266,6921,0.005209267619983623
2023-01-24,16.75572395324707,1272,-0.008062393356563691
2023-01-25,16.851472854614258,9719,0.005698134300515099
2023-01-26,16.9560546875,1962,0.006186915996933229
2023-01-27,17.10822868347168,833,0.008934578579486494
2023-01-30,17.060178756713867,938,-0.0028125371963149143
2023-01-31,16.972076416015625,759,-0.005177590322329309
2023-02-01,17.3084716796875,1040,0.019626644305463507
2023-02-03,17.292451858520508,3345,-0.0009259765736577474
2023-02-07,17.02012825012207,2300,-0.01587343916067857
2023-02-08,16.739797592163086,274,-0.016607684657057822
2023-02-09,17.276430130004883,1667,0.031554178614930366
2023-02-10,17.19633674621582,916,-0.0046467710697262144
2023-02-13,17.57311248779297,872,0.02167365309927383
2023-02-14,17.856163024902344,972,0.015978681771997908
2023-02-15,17.839977264404297,1225,-0.0009068634018206178
2023-02-16,17.629722595214844,9306,-0.011855591263079506
2023-02-17,17.621631622314453,3373,-0.00045904466492506323
2023-02-21,17.767194747924805,1254,0.008226548403455663
2023-02-22,17.71868133544922,1362,-0.0027342395372018827
2023-02-23,17.71868133544922,507,0.0
2023-02-24,17.759119033813477,553,0.0022796067092626486
2023-02-27,17.809080123901367,2903,0.002809314169948229
2023-02-28,17.833391189575195,524,0.0013641629521215335
2023-03-01,17.8901424407959,24891,0.003177250019524763
2023-03-02,17.82528305053711,2844,-0.003632013936053319
2023-03-03,17.865819931030273,2558,0.002271540778362002
2023-03-06,17.80368423461914,576,-0.0034839710119376798
2023-03-07,17.80368423461914,556,0.0
2023-03-08,17.348438262939453,503,-0.025902926675765863
2023-03-10,17.42159652709961,3068,0.004208127634106049
2023-03-13,17.366025924682617,870,-0.003194851833395598
2023-03-14,17.374174118041992,12012,0.00046909306790241174
2023-03-16,17.235763549804688,321,-0.007998356278548746
2023-03-17,17.097354888916016,3034,-0.008062734583062338
2023-03-21,16.893814086914062,1005,-0.011976242121515256
2023-03-22,17.08107566833496,894,0.011023640053679803
2023-03-23,17.195056915283203,382,0.006650789251921785
2023-03-28,17.764968872070312,1507,0.03260652339696145
2023-03-30,17.38231086730957,29113,-0.021775404972194174
2023-04-03,17.414878845214844,607,0.0018718745786053504
2023-04-04,17.292757034301758,460,-0.007037201572302929
2023-04-10,17.140962600708008,576,-0.008816672639315784
2023-04-12,17.44239616394043,6672,0.01743273110359315
2023-04-13,17.67865562438965,589,0.01345421120948464
2023-04-14,17.45054817199707,5163,-0.012986952950825038
2023-04-17,17.377216339111328,687,-0.004211119621626375
2023-04-18,17.25501823425293,694,-0.007056929100187169
2023-04-19,17.189842224121094,641,-0.003784372301074664
2023-04-20,17.230581283569336,4986,0.002367145683850685
2023-04-21,17.36907196044922,14395,0.008005364418550837
2023-04-24,17.328344345092773,992,-0.0023475888638247295
2023-04-25,17.197996139526367,1548,-0.007550688722309791
2023-04-26,17.197996139526367,459,0.0
2023-05-02,16.978029251098633,881,-0.012872762319671407
2023-05-03,17.108375549316406,344,0.0076480306054990885
2023-05-04,16.93729591369629,5355,-0.010050092610803838
2023-05-05,16.904701232910156,1139,-0.0019262864850258725
2023-05-09,16.900197982788086,301,-0.0002664258881515831
2023-05-12,16.744314193725586,384,-0.009266587294641276
2023-05-15,16.760726928710938,1002,0.0009797174245023703
2023-05-16,16.818145751953125,314,0.003419940851047751
2023-05-17,16.77713394165039,1015,-0.0024415233955193197
2023-05-18,16.760726928710938,43484,-0.000978417455528519
2023-05-19,16.818145751953125,4047,0.003419940851047751
2023-05-23,16.801742553710938,669,-0.0009758033337075234
2023-05-24,16.58024024963379,4188,-0.01327096453558787
2023-05-25,16.77713394165039,2165,0.011805244473776014
2023-05-26,16.990436553955078,847,0.012633745709043704
2023-05-30,16.82635498046875,2327,-0.00970422406716449
2023-05-31,16.760726928710938,17066,-0.003907939097407771
2023-06-01,16.818145751953125,611,0.003419940851047751
2023-06-05,16.916603088378906,1272,0.00583716312510323
2023-06-06,17.0396671295166,13234,0.007248415633288847
2023-06-12,17.06427574157715,3280,0.0014431537388257944
2023-06-13,17.047863006591797,11639,-0.0009622812789906261
2023-06-14,17.2037353515625,22283,0.009101672826119926
2023-06-16,17.318599700927734,5447,0.006654519346091479
2023-06-19,17.318599700927734,2137,0.0
2023-06-20,17.228351593017578,1595,-0.0052246759742044175
2023-06-21,17.228351593017578,670,0.0
2023-06-22,17.023256301879883,1241,-0.011975948285334912
2023-06-23,16.670482635498047,1858,-0.02094077824708488
2023-06-27,16.9248046875,590,0.015140630166915522
2023-06-28,16.85916519165039,463,-0.003885841639065575
2023-06-29,17.0396671295166,756,0.010649549346727705
2023-06-30,17.006853103637695,1069,-0.001927599990520092
2023-07-05,17.244766235351562,1330,0.013892304226909766
2023-07-06,17.146312713623047,1035,-0.005725542419399464
2023-07-07,17.359621047973633,749,0.012363731585595996
2023-07-10,17.269372940063477,5365,-0.0052122976638195465
2023-07-11,17.252965927124023,29566,-0.0009505157943010835
2023-07-12,17.26116371154785,983,0.00047503933396613216
2023-07-13,17.277568817138672,656,0.0009499541890182559
2023-07-14,17.146312713623047,1185,-0.007625911650459809
2023-07-17,16.916603088378906,1562,-0.013487577450279046
2023-07-18,17.023256301879883,620,0.006284856005796178
2023-07-19,16.965831756591797,1091,-0.003379002097796355
2023-07-20,17.006853103637695,206,0.0024149617347688033
2023-07-24,17.228351593017578,1430,0.012939988648362363
2023-07-25,17.211936950683594,735,-0.0009532233480602578
2023-07-26,17.19553565979004,397,-0.0009533564014699903
2023-07-27,17.273174285888672,530,0.004504883270689746
2023-07-28,17.2567195892334,824,-0.0009530697059379043
2023-07-31,17.199140548706055,797,-0.0033421945581728176
2023-08-01,17.240272521972656,552,0.0023886581771511966
2023-08-02,17.08399772644043,1436,-0.009105852751635677
2023-08-03,16.845457077026367,10659,-0.01406120912286728
2023-08-04,17.116893768310547,1521,0.0159849047095609
2023-08-07,17.157913208007812,3270,0.0023935632553359937
2023-08-08,17.091596603393555,1768,-0.0038725627232137944
2023-08-09,17.140939712524414,494,0.002882821351494376
2023-08-14,17.18250846862793,874,0.0024221795087496552
2023-08-15,17.232385635375977,1495,0.002898582312572224
2023-08-16,17.232385635375977,2563,0.0
2023-08-17,17.16588020324707,2524,-0.0038667946405913723
2023-08-18,17.1741943359375,3279,0.0004842233433940104
2023-08-22,17.15756607055664,1397,-0.0009686812726308991
2023-08-23,17.22406768798828,437,0.0038684432991692866
2023-08-25,17.082748413085938,413,-0.008238600388725882
2023-08-29,17.28226089477539,2578,0.011611504105040171
2023-08-30,17.232385635375977,3159,-0.002890094445655415
2023-08-31,16.89156150817871,2961,-0.019976321004540328
2023-09-01,16.84998893737793,765,-0.002464177922361783
2023-09-04,16.84998893737793,1559,0.0
2023-09-05,16.816736221313477,844,-0.001975406085446253
2023-09-06,16.825057983398438,706,0.0004947276119730942
2023-09-07,16.84998893737793,1375,0.0014806784734732335
2023-09-08,16.80011749267578,313,-0.0029641202663090193
2023-09-11,17.72283363342285,3154,0.053467963988739
2023-09-12,17.648025512695312,3955,-0.004229935832748959
2023-09-13,17.581514358520508,1267,-0.003775878620053212
2023-09-14,17.406953811645508,69858,-0.009978258800954511
2023-09-18,17.406953811645508,2170,0.0
2023-09-19,17.107685089111328,439,-0.017341987766020407
2023-09-20,17.28226089477539,1260,0.010152810669904354
2023-09-21,17.1741943359375,1595,-0.006272665742852722
2023-09-27,17.14925193786621,554,-0.0014533740151146906
2023-09-29,17.06612777709961,11675,-0.004858886559046716
2023-10-02,16.983007431030273,1525,-0.0048823860387425385
2023-10-03,17.01624870300293,439,0.001955412343934404
2023-10-04,16.841678619384766,486,-0.010312009291013594
2023-10-05,16.908180236816406,417,0.003940858169579481
2023-10-06,17.19082260131836,497,0.01657812922762959
2023-10-09,17.21576690673828,1026,0.0014499728189779325
2023-10-10,17.373695373535156,48514,0.00913165766785755
2023-10-11,17.30719757080078,916,-0.0038348426803338958
2023-10-12,17.29888343811035,562,-0.00048050126498025913
2023-10-13,16.841678619384766,2221,-0.026785273938730616
2023-10-16,16.966371536254883,1103,0.007376555684883599
2023-10-17,17.124317169189453,49642,0.009266270003997821
2023-10-18,17.22406768798828,650,0.005808179897639967
2023-10-20,17.340438842773438,1787,0.0067335892316089645
2023-10-23,17.265644073486328,2271,-0.0043226438502912655
2023-10-24,17.28226089477539,481,0.0009619583349965809
2023-10-26,17.29888343811035,575,0.0009613646358946841
2023-10-27,17.207447052001953,856,-0.005299700015775994
2023-10-30,16.94143295288086,100531,-0.015579982710496517
2023-10-31,16.915414810180664,820,-0.0015369503979805665
2023-11-01,16.92374038696289,255,0.0004920676595921936
2023-11-03,18.248641967773438,2706,0.07537327172848117
2023-11-06,17.796838760375977,2369,-0.025069820740985054
2023-11-08,17.851951599121094,388,0.0030919917392869564
2023-11-09,17.843557357788086,491,-0.0004703247962021991
2023-11-10,17.851951599121094,810,0.00047032479620207074
2023-11-14,17.99469757080078,908,0.007964299565878694
2023-11-15,18.0954647064209,554,0.005584203068995247
2023-11-16,17.9779052734375,468,-0.006517819057570129
2023-11-17,18.070274353027344,582,0.005124768168947186
2023-11-21,18.087068557739258,1689,0.000928951331466799
2023-11-22,18.145845413208008,616,0.003244393044036822
2023-11-23,18.305383682250977,3441,0.008753575213786913
2023-11-24,18.12905502319336,1173,-0.009679305733332713
2023-11-27,18.03668212890625,300727,-0.005108320882311707
2023-11-28,17.87714195251465,161011,-0.008884669340794318
2023-11-29,17.73439598083496,438,-0.008016881296969234
2023-11-30,18.12905502319336,1180,0.022009871520075313
2023-12-01,18.43973731994629,752,0.01699207176926246
2023-12-04,18.473331451416016,931,0.0018201759898478647
2023-12-05,18.523704528808594,378,0.0027230888737550577
2023-12-06,18.725231170654297,876,0.010820637121020207
2023-12-07,18.842788696289062,28242,0.006258403277832213
2023-12-08,18.935163497924805,853,0.0048904178429361005
2023-12-11,19.01912498474121,3470,0.004424355040474791
2023-12-13,19.229055404663086,354899,0.010977386421227166
2023-12-14,19.447372436523438,4351,0.011289530228812518
2023-12-15,19.438982009887695,1104,-0.00043153578603065396
2023-12-18,19.4809627532959,974,0.002157287732281761
2023-12-19,19.548145294189453,174145,0.0034426924215892737
2023-12-20,19.328895568847656,250125,-0.011279256080798453
2023-12-21,19.40449333190918,745,0.0039034983098091783
2023-12-22,19.639699935913086,125932,0.012048370299918688
2023-12-26,19.765716552734375,653,0.006395925110775389
2023-12-27,19.91691017150879,521,0.007620178545095266
2023-12-28,19.992511749267578,1671,0.0037886626541825674
2023-12-29,20.017711639404297,1204,0.0012596727203512358
2024-01-02,19.95050811767578,3425,-0.003362851058634657
2024-01-03,19.95050811767578,4965,0.0
2024-01-04,19.72371482849121,2300,-0.011432902409032192
2024-01-05,19.77410888671875,2375,0.0025517398596666243
2024-01-08,19.807708740234375,5420,0.0016977422261291704
2024-01-09,19.6564998626709,650,-0.00766312681163572
2024-01-10,19.6564998626709,1620,0.0
2024-01-11,19.690107345581055,988,0.0017082789835020336
2024-01-12,19.690107345581055,1140,0.0
2024-01-15,19.63129997253418,2727,-0.0029911145557818034
2024-01-16,19.606101989746094,9298,-0.0012843860700202019
2024-01-17,18.95089340209961,92181,-0.03398976814537507
2024-01-18,19.06009292602539,63781,0.005745698014798477
2024-01-19,19.16929054260254,1897,0.0057127739789878266
2024-01-22,19.33730125427246,1042,0.008726390469521937
2024-01-23,19.606101989746094,568,0.013804905682066571
2024-01-24,19.45490074157715,645513,-0.007741839317797857
2024-01-25,19.47170066833496,1091,0.0008631592377644363
2024-01-26,19.446504592895508,11719,-0.001294822245299669
2024-01-29,19.23096466064453,2455,-0.011145618764117762
2024-01-30,19.2056827545166,1864,-0.001315510663604999
2024-01-31,19.34894561767578,1510713,0.0074317159095752885
2024-02-01,19.403249740600586,308804,0.00280263649417951
2024-02-02,19.656551361083984,751868,0.012970120905928917
2024-02-06,19.70722198486328,4278200,0.002574481430977534
2024-02-07,19.67853546142578,760,-0.0014566955351443215
2024-02-08,19.754907608032227,1981,0.003873475717621518
2024-02-09,19.69550895690918,9665934,-0.0030113089381831755
2024-02-12,19.86522102355957,873,0.008579877461097379
2024-02-13,20.04342269897461,1396,0.008930539510108144
2024-02-14,20.17071533203125,7726,0.006330761489908269
2024-02-15,20.187686920166016,5384,0.000841043658226275
2024-02-16,20.162227630615234,4308,-0.0012619254941572421
2024-02-19,20.262622833251953,801,0.004967014491864965
2024-02-20,20.262622833251953,26030,0.0
2024-02-21,20.441564559936523,1195,0.008792357293377481
2024-02-22,20.782398223876953,910,0.01653608277366822
2024-02-23,20.782398223876953,2038,0.0
2024-02-26,20.807960510253906,1180,0.0012292411209602408
2024-02-27,20.262622833251953,2021,-0.026557681188006173
2024-02-28,19.913265228271484,616,-0.01739184510039206
2024-03-01,20.41599464416504,1832,0.024932540786573504
2024-03-04,20.313068389892578,124020,-0.005054202857074159
2024-03-05,20.407955169677734,2161,0.004660342163638382
2024-03-06,20.342018127441406,101820,-0.003236178797041189
2024-03-07,20.29879379272461,301178,-0.002127140131938788
2024-03-08,20.47168731689453,11353,0.008481359840044101
2024-03-11,20.51492691040039,2029,0.0021099381035659726
2024-03-12,20.71683692932129,203173,0.00979398473823451
2024-03-13,20.79800033569336,1131,0.0039100964920993275
2024-03-14,20.553316116333008,158043,-0.01183454826351195
2024-03-15,20.553316116333008,16099,0.0
2024-03-19,20.29989242553711,3209,-0.012406709316109243
2024-03-20,20.177553176879883,6398,-0.0060448291318210305
2024-03-21,20.24746322631836,785,0.0034587552636022936
2024-03-22,20.33484649658203,1007,0.004306477670162876
2024-03-25,20.256202697753906,1544,-0.0038749378886746445
2024-03-26,20.229984283447266,4289229,-0.0012951784263557653
2024-03-27,20.30863380432129,4355733,0.0038802319005526915
2024-04-01,20.439708709716797,77911,0.006433408055086473
2024-04-02,20.291154861450195,1158,-0.007294444258741052
2024-04-03,20.33484649658203,954,0.0021509206181324547
2024-04-04,20.046476364135742,9566,-0.014282594730073192
2024-04-05,20.072690963745117,1044,0.001306836860593638
2024-04-08,20.22124671936035,5379,0.0073736366929805525
2024-04-09,20.256202697753906,689,0.00172718328782442
2024-04-10,19.91539764404297,15650,-0.01696786921591393
2024-04-11,19.574594497680664,3003,-0.01726065715057058
2024-04-12,19.426027297973633,101459,-0.007618746137962378
2024-04-15,19.251256942749023,1129,-0.009037425878556143
2024-04-16,19.128921508789062,101873,-0.006374949424650809
2024-04-17,19.128921508789062,1188,0.0
2024-04-18,19.032793045043945,202239,-0.005037963738750165
2024-04-19,19.111440658569336,1053,0.004123701924969602
2024-04-23,19.522151947021484,3638,0.02126267500527817
2024-04-24,19.338642120361328,1078,-0.009444541478998649
2024-04-25,19.338642120361328,392,0.0
2024-04-26,19.419078826904297,18566,0.004150750872972592
2024-04-29,19.357906341552734,27084,-0.0031550950045015624
2024-04-30,19.357906341552734,1406,0.0
2024-05-02,20.358346939086914,25093,0.05039006430353465
2024-05-03,18.96609878540039,777,-0.07083788578905822
2024-05-06,19.114957809448242,3490,0.007818048949791129
2024-05-07,18.867284774780273,1110811,-0.013041702031412323
2024-05-08,19.061063766479492,1585,0.010218250212860436
2024-05-09,19.104793548583984,609,0.0022915665632729752
2024-05-10,19.281494140625,22343,0.009206508405402124
2024-05-13,19.361209869384766,1095,0.004125790049102041
2024-05-14,19.25493049621582,3893,-0.005504415537416957
2024-05-15,19.25493049621582,18134,0.0
2024-05-16,19.5826358795166,1664,0.016876091447222182
2024-05-17,19.71548843383789,799,0.0067612926955654
2024-05-20,19.618057250976562,1269,-0.004954111328527746
2024-05-21,19.41435432434082,564,-0.010437724332033544
2024-05-22,19.308073043823242,1018,-0.005489405216937527
2024-05-23,19.308073043823242,1336652,0.0
2024-05-24,18.927217483520508,1854,-0.01992233623689724
2024-05-27,18.909502029418945,9595,-0.0009364160331089633
2024-05-28,18.909502029418945,1365,0.0
2024-05-29,18.65265655517578,1308,-0.013675970024413259
2024-05-30,18.688087463378906,2484,0.0018977082416257258
2024-05-31,18.99808120727539,1211,0.016451698151697662
2024-06-03,17.802392959594727,3344,-0.06500510078130267
2024-06-04,18.431232452392578,768,0.03471375732899764
2024-06-05,18.918363571166992,2789,0.026086426349256463
2024-06-06,19.068931579589844,474336,0.007927323929217595
2024-06-07,18.519800186157227,3992,-0.029219951726651202
2024-06-10,18.271804809570312,49779,-0.013481289147396056
2024-06-11,18.378089904785156,516507,0.005800038117408916
2024-06-12,18.262954711914062,49478,-0.0062845136111726345
2024-06-13,18.059242248535156,11100,-0.011217085771137739
2024-06-14,17.929445266723633,494969,-0.0072132413577619845
2024-06-17,18.009363174438477,35463,0.004447450703646883
2024-06-18,18.080413818359375,2804,0.003937443876658638
2024-06-19,18.204730987548828,1060,0.006852261788186482
2024-06-20,18.178096771240234,978,-0.0014641094553160799
2024-06-21,18.044879913330078,17102,-0.007355411990506849
2024-06-24,18.25801658630371,867,0.011742265354758148
2024-06-25,18.02712059020996,779,-0.01272692516331303
2024-06-26,17.929445266723633,2214,-0.005432975114114342
2024-06-27,18.79084014892578,101719,0.046925176676331566
2024-06-28,18.01828956604004,129911,-0.04198219595031449
2024-07-01,17.96497344970703,1753,-0.0029633863569662176
2024-07-02,17.876134872436523,126321,-0.004957366742653974
2024-07-03,18.107131958007812,777,0.012839315559395287
2024-07-04,18.107131958007812,834,0.0
2024-07-05,18.25817108154297,1407,0.00830681883143471
2024-07-08,18.30259895324707,1977,0.0024303587440921985
2024-07-09,18.52471160888672,686,0.012062534322833532
2024-07-10,18.782371520996094,1786,0.013813141491319417
2024-07-11,18.764602661132812,1026,-0.0009464869847349413
2024-07-12,19.15553092956543,2431,0.020619237416890784
2024-07-15,18.933412551879883,102095,-0.01166327418461043
2024-07-16,18.897878646850586,20019,-0.001878546269667304
2024-07-17,18.595788955688477,53441,-0.016114520003786437
2024-07-18,18.64021873474121,101882,0.0023863890300590248
2024-07-19,18.82679557800293,339446,0.009959607881950269
2024-07-22,18.968950271606445,7529,0.007522294413033152
2024-07-24,18.586910247802734,1646,-0.020345863327327712
2024-07-25,18.347017288208008,531142,-0.012990567165798694
2024-07-26,18.24040412902832,1182,-0.005827875089399237
2024-07-29,18.320363998413086,59878,0.0043740873601428075
2024-07-30,18.231521606445312,1888,-0.004861175583728785
2024-07-31,18.444751739501953,772,0.011627819083062601
2024-08-01,18.364791870117188,3533,-0.004344525213475917
2024-08-02,17.751737594604492,1058,-0.033951942459443246
2024-08-05,17.94720458984375,21345,0.010950965866257859
2024-08-06,17.920549392700195,901,-0.0014863044986608291
2024-08-07,18.871217727661133,2154,0.05168982461417449
2024-08-08,19.040494918823242,1716,0.008930132895267576
2024-08-09,19.237525939941406,1562,0.010294824908034942
2024-08-12,19.327089309692383,0,0.0046448554041710315
2024-08-13,19.45246696472168,1393,0.006466195280626731
2024-08-14,19.55477523803711,1618,0.005245616051529712
2024-08-15,19.689449310302734,1575,0.006863409965807408
2024-08-16,19.54578971862793,3356,-0.0073230206940571915
2024-08-19,19.587217330932617,2036,0.002117272906135237
2024-08-20,19.353181838989258,4423,-0.012020334402183471
2024-08-21,19.272171020507812,1334,-0.004194702767469547
2024-08-22,19.164154052734375,824,-0.005620581672705229
2024-08-26,18.90311050415039,1285,-0.013715072177482388
2024-08-27,18.39002227783203,2251,-0.027518235437860236
2024-08-28,18.327011108398438,5392,-0.0034322615680262877
2024-08-29,18.363021850585938,40932,0.00196297200337672
2024-08-30,18.51604461669922,36923,0.008298672334626297
2024-09-02,18.51604461669922,1038,0.0
2024-09-03,18.444026947021484,11657,-0.0038970574338987414
2024-09-04,18.60605812072754,1203,0.008746657742430712
2024-09-05,18.624065399169922,1076,0.0009673499921092138
2024-09-06,18.624065399169922,871,0.0
2024-09-09,18.71408462524414,6309,0.0048218457759164135
2024-09-10,18.45303726196289,815,-0.014047450689598923
2024-09-11,18.579057693481445,6718,0.0068060377427334035
2024-09-12,18.88576889038086,1865,0.016373653754037657
2024-09-13,18.687639236450195,4067,-0.01054636777622648
2024-09-17,18.73265838623047,2450,0.0024061364745973316
2024-09-18,18.903779983520508,6312,0.00909346281881738
2024-09-19,18.957815170288086,1354,0.0028543553558693178
2024-09-23,18.55254364013672,989,-0.021609353441988464
2024-09-25,18.831737518310547,4426,0.014936709242776023
2024-09-26,18.930801391601562,103433,0.00524668644645128
2024-09-27,19.03887176513672,4764,0.005692472775161149
2024-09-30,18.822731018066406,1778,-0.011417535401969207
2024-10-02,18.975830078125,44449,0.008100832034804124
2024-10-03,18.75067710876465,10831,-0.011936203975782583
2024-10-04,19.246015548706055,662947,0.026074190594918195
2024-10-07,19.04660987854004,2986,-0.0104149282223981
2024-10-08,18.820823669433594,2499,-0.01192522776008458
2024-10-09,18.947265625,788,0.006695728077512095
2024-10-10,19.055641174316406,615,0.005703555450719874
2024-10-11,19.17304801940918,1634,0.006142361493516617
2024-10-14,19.091758728027344,1913,-0.004248782135791147
2024-10-15,19.08272933959961,1295,-0.0004730587915219469
2024-10-16,19.236257553100586,775,0.008013209506473528
2024-10-18,19.191102981567383,2204,-0.0023501271847814627
2024-10-21,19.04660987854004,1521,-0.0075576586560429085
2024-10-22,18.929201126098633,3074,-0.006183363747547344
2024-10-23,18.856950759887695,28795,-0.003824176353283574
2024-10-24,18.884048461914062,1558,0.001435982472191979
2024-10-25,18.793737411499023,395,-0.00479387104502816
2024-10-28,18.938230514526367,3246,0.007658959619404113
2024-10-29,18.983394622802734,48925,0.00238197226343116
2024-10-31,18.875015258789062,1323,-0.0057255262660894915
2024-11-01,19.073699951171875,2406,0.01047131670921223
2024-11-04,19.25432014465332,143521,0.009425038396931032
2024-11-05,19.236257553100586,1424,-0.0009385462083977004
2024-11-06,19.100793838500977,4591,-0.007067016031091897
2024-11-07,19.055641174316406,1128,-0.002366714041585322
2024-11-08,18.94400405883789,1381,-0.0058757094163894436
2024-11-11,18.880407333374023,2521,-0.0033627376105731833
2024-11-12,18.707778930664062,6822,-0.009185312386004578
2024-11-13,18.898578643798828,1676,0.010147292246295443
2024-11-14,18.811159133911133,1581,-0.004636450510759042
2024-11-15,18.911365509033203,502,0.00531282631656144
2024-11-19,18.738279342651367,1223,-0.009194635778008234
2024-11-20,18.556095123291016,8204,-0.009770142075140095
2024-11-21,18.546981811523438,1341,-0.0004912429212734614
2024-11-22,18.40123176574707,1813,-0.007889464072298237
2024-11-25,18.802047729492188,1032,0.02154817952095022
2024-11-26,18.32835578918457,3202,-0.025516428393060696
2024-11-27,18.291912078857422,1974,-0.0019903580437765356
2024-11-28,18.209928512573242,6052,-0.004492031240808303
2024-11-29,18.137054443359375,1269,-0.0040099155932663754
2024-12-02,18.091506958007812,3968,-0.0025144531048133154
2024-12-03,18.10972023010254,1048,0.00100622410046007
2024-12-04,18.073286056518555,5332,-0.0020138838442166833
2024-12-05,18.319246292114258,5978,0.013517277573146188
2024-12-06,18.446779251098633,7542,0.006937571772421774
2024-12-09,18.592529296875,1682,0.007870060418318142
2024-12-10,18.574308395385742,1537,-0.0009804925078572336
2024-12-11,18.40123176574707,2195,-0.009361750657497434
2024-12-13,18.437664031982422,7967,0.0019779245454516086
2024-12-16,18.45588493347168,1166,0.0009877555009830813
2024-12-17,18.248762130737305,1941,-0.01128603693604426
2024-12-18,18.066452026367188,22659,-0.010040510027759702
2024-12-19,17.966188430786133,2204,-0.005565168307493465
2024-12-20,17.829458236694336,4149,-0.007639524456836897
2024-12-23,17.75653648376465,1038,-0.004098345743672135
2024-12-24,17.76565170288086,1008,0.000513212714733987
2024-12-26,17.75653648376465,1155,-0.0005132127147340263
2024-12-27,17.911497116088867,49922,0.008689102910952224
2024-12-30,17.574234008789062,4459,-0.01900895104075416
2024-12-31,17.638038635253906,1942,0.0036240033093458764
2025-01-02,17.938840866088867,271470,0.016910386923413633
2025-01-03,17.59246253967285,76816,-0.01949769732125826
2025-01-06,17.574234008789062,2927,-0.0010366929115013794
2025-01-07,17.74742317199707,570,0.009806479364397248
2025-01-08,17.738306045532227,27019,-0.0005138475024459184
2025-01-09,17.710954666137695,2733,-0.0015431286448835168
2025-01-10,17.419269561767578,2492,-0.01660631629376716
2025-01-13,17.34634780883789,3654,-0.004195056230129378
2025-01-14,17.437501907348633,639,0.005241185660675155
2025-01-15,17.674501419067383,1424,0.013499834164754936
2025-01-16,17.419269561767578,510343,-0.014545963595300753
2025-01-17,17.35546875,13646,-0.003669381076687082
2025-01-20,17.537769317626953,977,0.01044914352585064
2025-01-21,17.638038635253906,1879,0.0057010539368819845
2025-01-22,17.893268585205078,47656,0.014366729508127049
2025-01-23,18.22141456604004,1321,0.01817294148313458
2025-01-24,17.911497116088867,315183,-0.017154723259853438
2025-01-27,18.330799102783203,3893,0.023139852601842984
2025-01-28,18.531333923339844,7799,0.01088036868225259
2025-01-29,18.58601951599121,2989,0.002946634237203803
2025-01-30,18.67717933654785,217317,0.004892763113255764
2025-01-31,16.881473541259766,12601,-0.1010856418288988
2025-02-04,19.087366104125977,211012,0.12280987521795135
2025-02-05,18.84402847290039,102910,-0.012830583857798368
2025-02-06,18.84402847290039,4454,0.0
2025-02-07,18.972089767456055,101359,0.00677286776364415
2025-02-10,19.173336029052734,2339,0.01055162576205762
2025-02-11,19.045272827148438,2970,-0.006701640119003256
2025-02-12,19.145893096923828,71999,0.005269307713230764
2025-02-13,19.36033821105957,91026,0.011138318339137492
2025-02-14,19.36033821105957,1136,0.0
2025-02-17,19.314132690429688,101777,-0.0023894595859806954
2025-02-18,19.415790557861328,208101,0.0052495895867765525
2025-02-19,19.36958122253418,1048,-0.002382823991113218
2025-02-20,19.194002151489258,1426,-0.00910601499785494
2025-02-21,19.083101272583008,4046,-0.005794648983552652
2025-02-24,19.092342376708984,1323,0.0004841386725652859
2025-02-25,18.981449127197266,302269,-0.005825191487809628
2025-02-26,19.018417358398438,3176,0.001945703829140117
2025-02-27,19.07386016845703,12141,0.0029109758097478357
2025-02-28,19.101587295532227,2043,0.001452615950443969
2025-03-03,19.4527530670166,601784,0.018217169832095724
2025-03-04,19.018417358398438,100976,-0.02258076159228741
2025-03-05,19.166275024414062,1323,0.007744381100062914
2025-03-06,19.153783798217773,904,-0.0006519419344595765
2025-03-07,19.24631690979004,424,0.004819429583302532
2025-03-10,18.792924880981445,2535,-0.02383925018075274
2025-03-11,19.089014053344727,3000,0.01563252623400817
2025-03-12,19.049022674560547,111791,-0.0020971920357123384
2025-03-13,19.319292068481445,1054,0.01408838861089506
2025-03-14,19.664108276367188,7115,0.017690873438254706
2025-03-18,19.822542190551758,205833,0.008024725446311052
2025-03-19,19.897098541259766,136163,0.003754134574121066
2025-03-20,19.95301055908203,2886,0.0028061180144059116
2025-03-21,19.83186149597168,201500,-0.006090226325357416
2025-03-24,19.664108276367188,1834,-0.008494751709480499
2025-03-25,19.92505645751953,312305,0.01318299904073984
2025-03-26,19.990293502807617,724198,0.0032687727122718883
2025-03-27,19.971654891967773,9597,-0.0009328179901163905
2025-03-28,19.841184616088867,624,-0.0065542043495593625
2025-03-31,19.747987747192383,2266,-0.0047082086081975975
2025-04-01,19.92505645751953,38350,0.008926458235601679
2025-04-02,19.88777732849121,21446,-0.001872719742772453
2025-04-03,20.56810188293457,8608,0.03363608498845136
2025-04-04,20.064849853515625,1918,-0.024771902733122797
2025-04-07,19.421802520751953,2507,-0.03257324437813241
2025-04-08,19.40316390991211,37216,-0.0009601353966385425
2025-04-09,20.8663272857666,6677,0.07270058413363506
2025-04-10,19.701385498046875,8155,-0.057447761924282026
2025-04-11,19.552276611328125,2534,-0.007597232762171524
2025-04-14,19.980976104736328,664,0.02168889575915411
2025-04-15,19.971654891967773,54414,-0.0004666132219651981
2025-04-21,19.90641975402832,51217,-0.0032717324850589603
2025-04-22,19.841184616088867,897,-0.003282471864500427
2025-04-23,20.139402389526367,1117,0.014918405489717764
2025-04-24,20.45626449584961,1440,0.015610953857845356
2025-04-25,20.372394561767578,791,-0.004108391212792132
2025-04-28,20.84769058227539,52447,0.023062401988819235
2025-04-29,20.16736602783203,8290,-0.03317742383662606
2025-04-30,20.32579231262207,1918,0.007824882011484553
2025-05-02,20.596059799194336,5542,0.013209148772048958
2025-05-05,20.596059799194336,862,0.0
2025-05-06,20.763811111450195,1730,0.008111835381682692
2025-05-07,21.10862922668457,6531,0.016470303968033038
2025-05-08,20.89584732055664,4944,-0.010131478534278026
2025-05-09,20.923994064331055,430,0.0013460953983762238
2025-05-12,20.6181583404541,58368,-0.014724381466699323
2025-05-13,20.778573989868164,3647,0.007750198788066675
2025-05-14,20.66533660888672,3698,-0.005464622480720374
2025-05-15,20.627595901489258,2484,-0.0018279504802370576
2025-05-19,20.901243209838867,1866,0.013178854734836792
2025-05-20,21.089967727661133,1056,0.008988823343530244
2025-05-21,21.184335708618164,961,0.004464562631857487
2025-05-22,21.16546058654785,651,-0.0008913914574026738
2025-05-23,21.13715362548828,1740,-0.0013383080838768862
2025-05-26,21.335315704345703,2889,0.00933138665549818
2025-05-27,22.033599853515625,4292,0.03220484032686435
2025-05-28,22.08077049255371,1723,0.00213856195365555
2025-05-29,22.477096557617188,3552,0.017789743698267135
2025-05-30,22.920602798461914,2322,0.019539331613690477
2025-06-02,22.429908752441406,3178,-0.021640911187638372
2025-06-03,22.184572219848633,1997,-0.01099817818034676
2025-06-04,21.741069793701172,2398,-0.020194013215850154
2025-06-05,21.67501449584961,5310,-0.0030428975759041917
2025-06-06,21.918981552124023,2737,0.011192807513912488
2025-06-09,22.03240394592285,2104,0.005161277365874016
2025-06-10,21.833913803100586,9435,-0.009049836306919277
2025-06-11,21.8906192779541,5157,0.002593761563530957
2025-06-12,21.90007781982422,3066,0.00043198864800395693
2025-06-13,21.64487648010254,2389,-0.011721415980081066
2025-06-16,21.4936466217041,4837,-0.007011388756817472
2025-06-17,21.351865768432617,1854,-0.006618260017354639
2025-06-18,21.370773315429688,1788,0.0008851301622256487
2025-06-19,21.54090118408203,1363,0.007929252913440573
2025-06-20,21.44638442993164,339493,-0.004397435432808745
2025-06-23,21.238441467285156,10045,-0.009743256686342464
2025-06-24,21.455839157104492,1515,0.010184013669799754
2025-06-25,21.455839157104492,2780,0.0
2025-06-26,21.455839157104492,1997,0.0
2025-06-27,21.569259643554688,2539,0.00527230627437664
2025-06-30,21.399126052856445,3499,-0.00791905383689363
2025-07-01,21.077762603759766,73573,-0.015131502843795325
2025-07-02,20.713359832763672,51623,-0.017439685060884533
2025-07-03,21.699914932250977,3724,0.04652944572832648
2025-07-07,21.39602279663086,604,-0.01410328623525178
2025-07-08,22.17474937438965,2394,0.03574917183148481
2025-07-09,22.089279174804688,1054,-0.003861840352547687
2025-07-10,22.089279174804688,2529,0.0
2025-07-11,21.642932891845703,1569,-0.02041340976839687
2025-07-14,23.836673736572266,5620,0.09654633214881199
2025-07-15,24.131065368652344,1177,0.012274721880377022
2025-07-16,21.652429580688477,13592,-0.10838236090120769
2025-07-17,22.51662826538086,1365,0.03913640130690048
2025-07-18,22.136762619018555,1093,-0.01701437685718713
2025-07-21,21.272563934326172,620,-0.03982152919000108
2025-07-22,21.405517578125,3092,0.00623055531972778
2025-07-23,21.39602279663086,732,-0.00044366541796167584
2025-07-24,21.804380416870117,1752,0.01890583203296083
2025-07-25,21.623945236206055,593,-0.008309609739623287
2025-07-28,21.595449447631836,2444,-0.0013186576495043542
2025-07-29,22.003807067871094,814,0.018732868152194205
2025-07-30,22.82907485961914,46282,0.036819449781144924
2025-07-31,21.839815139770508,194200,-0.04430025016322472
2025-08-01,22.272790908813477,2295,0.019631108328016015
2025-08-04,21.61602783203125,2105,-0.02993072608944913
2025-08-05,21.51132583618164,3068,-0.004855489272891143
2025-08-06,21.32096290588379,6075,-0.008888816791496064
2025-08-07,21.27336883544922,43616,-0.0022347616829064827
2025-08-08,20.84504508972168,1894,-0.02033972661020502
2025-08-11,20.948083877563477,647,0.004930906068062277
2025-08-12,20.928911209106445,589,-0.0009156659763649688
2025-08-13,21.427446365356445,10668,0.023541126195156366
2025-08-14,21.427446365356445,1721,0.0
2025-08-15,21.4898681640625,9190,0.0029089351655743035
2025-08-18,21.470640182495117,1108429,-0.0008951468961308122
2025-08-19,21.662940979003906,126658,0.008916582644373693
2025-08-20,21.153337478637695,13013,-0.02380531817488504
2025-08-21,21.086030960083008,1415,-0.0031869120211096102
2025-08-22,21.153337478637695,4611,0.003186912021109486
2025-08-26,21.778324127197266,1785,0.02911747560144255
2025-08-27,21.778324127197266,117501,0.0
2025-08-28,21.814512252807617,14005,0.001660278932423062
2025-08-29,21.814512252807617,3111,0.0
2025-09-01,21.79524803161621,1441,-0.0008834821525643703
2025-09-02,21.718198776245117,3807,-0.003541403476385062
2025-09-04,21.737462997436523,490,0.0008866150769342378
2025-09-05,22.353853225708008,64394,0.027961532601190452
2025-09-08,22.064916610717773,1476,-0.013009846576121573
2025-09-10,22.141969680786133,285,0.0034860246700791782
2025-09-11,22.44053077697754,2037,0.01339384540924365
2025-09-12,24.077821731567383,162456,0.07042242315862589
2025-09-15,24.058561325073242,3597,-0.0008002432380232898
2025-09-17,23.23028564453125,2159,-0.035034070387832884
2025-09-18,24.077821731567383,1455,0.03583431362585616
2025-09-19,23.933359146118164,794,-0.006017890782280551
2025-09-22,23.490325927734375,1398,-0.01868459216991907
2025-09-23,23.933359146118164,2700,0.018684592169919034
2025-09-24,23.914098739624023,901,-0.0008050754788449038
2025-09-26,23.259366989135742,527,-0.027760258283601888
2025-09-29,23.8686580657959,893,0.02585828817703816
2025-09-30,23.472137451171875,790,-0.016752142981857586
2025-10-01,23.249698638916016,9215,-0.009521907164527336
2025-10-06,23.017587661743164,8792,-0.010033565527316978
2025-10-08,23.172325134277344,2382,0.00670007982383401
2025-10-09,24.178133010864258,2324,0.04248994560374596
2025-10-15,24.66169548034668,2387,0.01980261956212665
2025-10-16,24.66169548034668,692,0.0
2025-10-20,26.12205696105957,308,0.05752880208629477
2025-10-22,26.65397834777832,2451,0.02015836908203637
2025-10-23,26.741018295288086,19559,0.003260231485283909
2025-10-24,22.766132354736328,274132,-0.16092464371033696
2025-10-27,22.630735397338867,30887,-0.005965052902309797
2025-10-28,23.017587661743164,19260,0.016949648969324715
2025-10-29,22.630735397338867,2265,-0.01694964896932469
2025-10-30,22.824159622192383,1401,0.008510651812731121
2025-10-31,22.777114868164062,24087,-0.00206330946861404
2025-11-03,22.796497344970703,1796,0.0008506009084657322
2025-11-04,22.38941764831543,119964,-0.018018478120261985
2025-11-05,21.90479850769043,12027,-0.021882698056406684
2025-11-06,22.292490005493164,111355,0.017544127930268365
2025-11-07,22.619266510009766,1041,0.01455219285718728
2025-11-10,22.7752628326416,15793,0.0068729399317837055
2025-11-11,22.7752628326416,16668,0.0
2025-11-12,22.77580451965332,1262,2.3783724212378376e-05
2025-11-14,22.82468032836914,1920,0.002143653849080764
2025-11-18,23.46005630493164,30294,0.027456822208048317
2025-11-19,23.508930206298828,966,0.0020811144815763905
2025-11-21,22.678054809570312,1771,-0.035982649336162034
2025-11-24,22.678054809570312,608,0.0
2025-11-25,22.678054809570312,36823,0.0
2025-11-26,22.658981323242188,1217,-0.0008414086618955664
2025-11-27,22.714366912841797,902,0.002441328192047332
2025-11-28,22.714366912841797,38552,0.0
2025-12-02,22.92976188659668,1375,0.009438084516924208
2025-12-03,22.89059829711914,535,-0.0017094409060714531
2025-12-04,23.223482131958008,224204,0.014437656094520194
2025-12-08,22.78290367126465,18179,-0.019153511932187072
2025-12-09,22.714366912841797,18517,-0.0030127877731858654
2025-12-10,22.81227684020996,14640,0.004301221010174777
2025-12-11,23.118518829345703,56871,0.013335128329391684
2025-12-15,23.128355026245117,832,0.0004253778137932875
2025-12-17,23.46283721923828,1014,0.014358419408217945
2025-12-18,23.413646697998047,1386,-0.002098729904006347
2025-12-19,23.21689796447754,357,-0.008438670511015734
2025-12-22,22.538097381591797,6170,-0.029673279790019658
2025-12-23,22.0855655670166,102571,-0.020282840924513806
2025-12-24,23.364459991455078,56732,0.05629181065829504
2025-12-26,23.630104064941406,552,0.011305431094269834
2025-12-29,25.10698890686035,119731,0.060624754761900344
2025-12-30,24.476850509643555,8794,-0.02541845616875344
2025-12-31,24.220855712890625,3956,-0.010513725376871449
2026-01-02,25.599281311035156,575,0.05535020896516142
2026-01-05,24.2011661529541,144073,-0.056163457163522536
2026-01-06,24.023941040039062,23660,-0.007349943673039605
2026-01-07,24.850996017456055,9164,0.0338469564575734
2026-01-08,23.827024459838867,10737,-0.04207741491304028
2026-01-09,23.38395881652832,11856,-0.0187701513859776
2026-01-12,23.758102416992188,20143,0.015873360074646
2026-01-13,23.38395881652832,14511,-0.015873360074645994
2026-01-15,23.630104064941406,1743,0.010471228496569507
2026-01-16,23.630104064941406,4320,0.0
2026-01-20,24.023941040039062,7551,0.016529381344874732
2026-01-21,24.122400283813477,421,0.004090004694870449
2026-01-22,23.7974853515625,1862,-0.013560963564151358
2026-01-26,24.023941040039062,1816,0.009470958869280927
2026-01-27,23.91563606262207,426,-0.0045184028823427045
2026-01-28,23.81717872619629,1850,-0.004125358057973582
2026-01-29,23.80733299255371,1391,-0.0004134733744250038
2026-01-30,24.5162353515625,3077,0.029341923341849385
2026-02-03,25.494075775146484,4601,0.03911053713574541
2026-02-04,25.592891693115234,1179,0.0038685420608252402
2026-02-05,26.877477645874023,881,0.04897402898196839
2026-02-09,25.93874168395996,975,-0.03555100467508106
2026-02-10,25.632417678833008,1203313,-0.011879803034170707
2026-02-11,25.510835647583008,997295,-0.004754576699069455
2026-02-13,25.689790725708008,746,0.0069903756858336365
2026-02-16,28.632579803466797,1963,0.10845155849927673
2026-02-17,28.055952072143555,2592,-0.02034441890578117
2026-02-19,28.065895080566406,1503,0.00035433646721662906
2026-02-20,27.6682186126709,2818,-0.014270729021918798
2026-02-24,28.334325790405273,6329,0.023789583116258912
2026-02-25,27.48926544189453,2730,-0.030278414205790426
2026-02-26,27.359010696411133,1863,-0.004749647555907556
2026-02-27,26.961063385009766,1427,-0.014652205013293548
2026-03-02,26.413881301879883,2129,-0.020504049476753973
2026-03-03,26.861574172973633,1195,0.01680711711287987
2026-03-04,27.33613395690918,687,0.017512619218893185
2026-03-11,27.0176944732666,3342,-0.0117174129679745
2026-03-12,26.994998931884766,6123,-0.0008403781143553307
2026-03-13,26.775041580200195,549,-0.008181454821838702
2026-03-17,24.32549476623535,1009708,-0.09594520159136227
2026-03-18,24.965375900268555,1000368,0.025964933239987144
2026-03-20,24.895387649536133,300966,-0.0028073495757250195
2026-03-24,26.775041580200195,2129,0.07278761792710024
2026-03-25,26.780000686645508,3214,0.00018519662200159573
2026-03-26,23.889999389648438,35551,-0.11419543011395586
2026-03-27,23.700000762939453,4294,-0.007984855456682753
2026-03-30,24.760000228881836,5422,0.04375437672778815
2026-03-31,26.18000030517578,24204,0.05576631507817142
2026-04-01,26.010000228881836,1415,-0.006514683878259557
2026-04-06,26.0,2612,-0.0003845502388411454
2026-04-07,26.0,2192,0.0
2026-04-08,26.020000457763672,9501,0.0007689526556392965
2026-04-09,26.489999771118164,7260,0.017901803966546052
2026-04-10,26.389999389648438,6586,-0.0037821672565730323
2026-04-13,26.5,18568,0.0041596056050822085
2026-04-14,26.3700008392334,735,-0.004917700801672744
2026-04-15,27.5,5518,0.0419589724820218
2026-04-16,27.360000610351562,2128,-0.0051038896100049505
2026-04-17,27.040000915527344,11345,-0.011764830029498071
2026-04-20,27.5,1606,0.016868719639503163
2026-04-21,27.290000915527344,848,-0.007665636404190233
2026-04-22,27.829999923706055,1591,0.019594204528035983
2026-04-23,27.799999237060547,5198,-0.0010785795436454658
2026-04-24,27.389999389648438,3317,-0.014858032261476459
